crm_ID,orig_chr,orig_start,orig_end,orig_assembly,current_chr,current_start,current_end,current_assembly,minimum_ratio,score,original_ID,crossref,enh_PMID,biosample_name,enh_method,type,source,hgnc_symbol_target_genes,enh2gene_PMID,enh2gene_method,hgnc_symbol_TFs,TFs2enh_PMID,TFs2enh_method,disease,disease_PMID,disease_method,refseq_ID,mutation_PMID,mutation_method
CRMHS00027685823,chr1,155187002,155196600,hg19,chr1,155217211,155226809,hg38,0.95,1.0,DE_01025,-,29093029,-,-,-,DiseaseEnhancer,CKS1B,29093029,-,-,-,-,mesh:D051436,29093029,-,rs2049805,29093029,-
CRMHS00027685667,chr11,69083602,69090000,hg19,chr11,69316135,69322333,hg38,0.95,0.968745116424441,DE_00098,-,27723759,-,-,-,DiseaseEnhancer,CCND1,27723759,-,-,-,-,mesh:D001943,27723759,-,-,-,-
CRMHS00000005941,chr21,45600202,45618000,hg19,chr21,44180319,44198117,hg38,0.95,1.0,DE_00626,-,24196873,-,-,-,DiseaseEnhancer,ICOSLG,24196873,-,-,-,-,mesh:D003093,24196873,-,rs762421,24196873,-
CRMHS00027685647,chr4,88923202,88924800,hg19,chr4,88002050,88003648,hg38,0.95,1.0,DE_01015,-,28930109,-,-,-,DiseaseEnhancer,ABCG2,28930109,-,-,-,-,DOID:1612,28930109,-,rs12508471,28930109,-
CRMHS00000006099,chr8,128398602,128417000,hg19,chr8,127386357,127404755,hg38,0.95,1.0,DE_00377,-,19561607,-,-,-,DiseaseEnhancer,CCAT1,19561607,-,-,-,-,OMIM:176807,19561607,-,rs6983267,19561607,-
CRMHS00000005886,chr17,71006202,71007000,hg19,chr17,73010063,73010861,hg38,0.95,1.0,DE_00432,-,25900876,-,-,-,DiseaseEnhancer,-,-,-,-,-,-,OMIM:109800,25900876,-,rs11077654,25900876,-
CRMHS00000005931,chr20,32645602,32658600,hg19,chr20,34057796,34070794,hg38,0.95,1.0,DE_00508,-,22976474,-,-,-,DiseaseEnhancer,RALY,22976474,-,-,-,-,OMIM:114480,22976474,-,rs2284389,22976474,-
CRMHS00027685933,chr16,11440602,11455000,hg19,chr16,11346745,11361143,hg38,0.95,1.0,DE_01048,-,28945252,-,-,-,DiseaseEnhancer,CLEC16A,28945252,-,-,-,-,mesh:D009103,28945252,-,rs8052717,28945252,-
CRMHS00000005792,chr10,6074002,6104800,hg19,chr10,6032039,6062837,hg38,0.95,1.0,DE_00540,-,27876533,-,-,-,DiseaseEnhancer,IL2RA,27876533,-,-,-,-,DOID:2377,27876533,-,rs12722502,27876533,-
CRMHS00000005944,chr22,39539602,39548000,hg19,chr22,39143597,39151995,hg38,0.95,1.0,DE_00652,-,23955597,-,-,-,DiseaseEnhancer,CBX7,23955597,-,-,-,-,DOID:9538,23955597,-,rs877529,23955597,-
CRMHS00000005894,chr19,30295402,30298800,hg19,chr19,29804495,29807893,hg38,0.95,1.0,DE_00648,-,27514407,-,-,-,DiseaseEnhancer,CCNE1,27514407,-,-,-,-,DOID:11054,27514407,-,rs8102137,27514407,-
CRMHS00000006127,chr9,22123402,22125200,hg19,chr9,22123403,22125201,hg38,0.95,1.0,DE_00413,-,26487755,-,-,-,DiseaseEnhancer,MTAP,26487755,-,-,-,-,mesh:D003324,26487755,-,rs10811656,26487755,-
CRMHS00000006029,chr6,12902202,12905800,hg19,chr6,12901970,12905568,hg38,0.95,1.0,DE_01054,-,25838425,-,-,-,DiseaseEnhancer,EDN1,25838425,-,-,-,-,mesh:D008881,25838425,-,rs9349379,25838425,-
CRMHS00000005924,chr2,71077802,71079600,hg19,chr2,70850672,70852470,hg38,0.95,1.0,DE_00573,-,26482879,-,-,-,DiseaseEnhancer,CD207,26482879,-,-,-,-,OMIM:603165,26482879,-,rs4852714,26482879,-
CRMHS00027685861,chr12,12002002,12021600,hg19,chr12,11849068,11868666,hg38,0.95,1.0,DE_00505,-,27145994,-,-,-,DiseaseEnhancer,ETV6,27145994,-,-,-,-,mesh:D015179,27145994,-,rs2238126,27145994,-
CRMHS00000006023,chr5,177421802,177423000,hg19,chr5,177994801,177995999,hg38,0.95,1.0,DE_00479,-,22745233,-,-,-,DiseaseEnhancer,PROP1,22745233,-,-,-,-,DOID:9410,22745233,-,rs73346254,22745233,-
CRMHS00000005890,chr18,56081002,56086000,hg19,chr18,58413770,58418768,hg38,0.95,1.0,DE_00558,-,24995424,-,-,-,DiseaseEnhancer,MIR122,24995424,-,-,-,-,DOID:684,24995424,-,rs4309483,24995424,-
CRMHS00000005971,chr3,185499202,185517400,hg19,chr3,185781414,185799612,hg38,0.95,1.0,DE_00598,-,21035756,-,-,-,DiseaseEnhancer,IGF2BP2,21035756,-,-,-,-,mesh:D003924,21035756,-,rs7646518,21035756,-
CRMHS00000005829,chr13,73925602,73926000,hg19,chr13,73351465,73351863,hg38,0.95,1.0,DE_00553,-,28172817,-,-,-,DiseaseEnhancer,DIS3,28172817,-,-,-,-,mesh:D010190,28172817,-,rs386772267,28172817,-
CRMHS00000005838,chr14,29999405,30001405,hg19,chr14,29530199,29532199,hg38,0.95,1.0,DE_00439,-,27760116,-,-,-,DiseaseEnhancer,FOXG1,27760116,-,-,-,-,-,27760116,-,rs1191551,27760116,-
CRMHS00000006084,chr7,6511002,6522600,hg19,chr7,6471371,6482969,hg38,0.95,1.0,DE_00636,-,27486767,-,-,-,DiseaseEnhancer,KDELR2,27486767,-,-,-,-,DOID:1793,27486767,-,rs7799635,27486767,-
CRMHS00000005845,chr15,32991002,32994400,hg19,chr15,32698801,32702199,hg38,0.95,1.0,DE_00484,-,26043427,-,-,-,DiseaseEnhancer,GREM1,26043427,-,-,-,-,DOID:0050567,26043427,-,rs16969681,26043427,-
CRMHS00000006140,chrX,51504931,51506931,hg19,chrX,51761835,51763835,hg38,0.95,1.0,DE_00575,-,24497837,-,-,-,DiseaseEnhancer,NUDT11,24497837,-,-,-,-,mesh:D011471,24497837,-,rs4907792(rs59228802),24497837,-
CRMHS00000005746,chr1,109793202,109825400,hg19,chr1,109250580,109282778,hg38,0.95,1.0,DE_00459,-,26477595,-,-,-,DiseaseEnhancer,SORT1,26477595,-,-,-,-,mesh:D003327,26477595,-,rs12740374,26477595,-
CRMHS00000005897,chr19,51772802,51774802,hg19,chr19,51269548,51271548,hg38,0.95,1.0,DE_00496,-,26449484,-,-,-,DiseaseEnhancer,LRRC4B,26449484,-,-,-,-,DOID:9970,26449484,-,rs1878047,26449484,-
CRMHS00000005774,chr10,114757349,114759349,hg19,chr10,112997590,112999590,hg38,0.95,1.0,DE_00642,-,24518834,-,-,-,DiseaseEnhancer,TCF7L2,24518834,-,-,-,-,OMIM:125853,24518834,-,rs7903146,24518834,-
CRMHS00000006007,chr4,62860941,62862941,hg19,chr4,61995223,61997223,hg38,0.95,1.0,DE_00486,-,27692237,-,-,-,DiseaseEnhancer,ADGRL3,27692237,-,-,-,-,mesh:D001289,27692237,-,rs17226398,27692237,-
CRMHS00000005790,chr10,43581056,43583056,hg19,chr10,43085608,43087608,hg38,0.95,1.0,DE_00513,-,19306335,-,-,-,DiseaseEnhancer,RET,19306335,-,-,-,-,DOID:10487,19306335,-,rs2435357,19306335,-
CRMHS00000005773,chr10,104652545,104654545,hg19,chr10,102892788,102894788,hg38,0.95,1.0,DE_00583,-,25453756,-,-,-,DiseaseEnhancer,NT5C2,25453756,-,-,-,-,DOID:5419,25453756,-,rs56946876,25453756,-
CRMHS00027685952,chr20,7105289,7107289,hg19,chr20,7124642,7126642,hg38,0.95,1.0,DE_01023,-,28985029,-,-,-,DiseaseEnhancer,BMP2,28985029,-,-,-,-,mesh:D003398,28985029,-,rs1884302,28985029,-
CRMHS00000006059,chr6,31887602,31889600,hg19,chr6,31919825,31921823,hg38,0.95,1.0,DE_00546,-,27539526,-,-,-,DiseaseEnhancer,HLA-DRB5,27539526,-,-,-,-,mesh:D008175,27539526,-,rs3130683,27539526,-
CRMHS00000005943,chr22,38379602,38445800,hg19,chr22,37983595,38049793,hg38,0.95,1.0,DE_00264,-,24357527,-,-,-,DiseaseEnhancer,SOX10,24357527,-,-,-,-,mesh:D006627,24357527,-,rs141110859,24357527,-
CRMHS00000005753,chr1,162019969,162021969,hg19,chr1,162050179,162052179,hg38,0.95,1.0,DE_00623,-,24857694,-,-,-,DiseaseEnhancer,NOS1AP,24857694,-,-,-,-,DOID:114,24857694,-,rs7539120,24857694,-
CRMHS00000006090,chr8,128092002,128094200,hg19,chr8,127079757,127081955,hg38,0.95,1.0,DE_00407,-,19767752,-,-,-,DiseaseEnhancer,MYC,19767752,-,-,-,-,DOID:10283,19767752,-,rs1016343,19767752,-
CRMHS00000006068,chr6,86246799,86248799,hg19,chr6,85537081,85539081,hg38,0.95,1.0,DE_00660,-,28033303,-,-,-,DiseaseEnhancer,SNHG5,28033303,-,-,-,-,mesh:D008545,28033303,-,rs9444351,28033303,-
CRMHS00000006002,chr4,145487334,145489334,hg19,chr4,144566182,144568182,hg38,0.95,1.0,DE_00480,-,22140090,-,-,-,DiseaseEnhancer,HHIP,22140090,-,-,-,-,OMIM:606963,22140090,-,rs1542725,22140090,-
CRMHS00000006126,chr9,22110602,22120000,hg19,chr9,22110603,22120001,hg38,0.95,1.0,DE_00466,-,19592466,-,-,-,DiseaseEnhancer,CDKN2A,19592466,-,-,-,-,DOID:3393,19592466,-,rs1333045,19592466,-
CRMHS00000005856,chr16,31275202,31281400,hg19,chr16,31263881,31270079,hg38,0.95,1.0,DE_00436,-,24608226,-,-,-,DiseaseEnhancer,ITGAM,24608226,-,-,-,-,DOID:9074,24608226,-,rs1143679,24608226,-
CRMHS00000006027,chr5,96273002,96281400,hg19,chr5,96937298,96945696,hg38,0.95,1.0,DE_00532,-,27829666,-,-,-,DiseaseEnhancer,ERAP2,27829666,-,-,-,-,OMIM:109100,27829666,-,rs2762,27829666,-
CRMHS00000005809,chr11,72463802,72492000,hg19,chr11,72752757,72780955,hg38,0.95,1.0,DE_00469,-,28132686,-,-,-,DiseaseEnhancer,STARD10,28132686,-,-,-,-,DOID:9352,28132686,-,rs140130268,28132686,-
CRMHS00000005900,chr2,113536602,113543000,hg19,chr2,112779025,112785423,hg38,0.95,1.0,DE_00491,-,27569042,-,-,-,DiseaseEnhancer,IL1A,27569042,-,-,-,-,DOID:3388,27569042,-,rs1800587,27569042,-
CRMHS00000006058,chr6,31534802,31548600,hg19,chr6,31567025,31580823,hg38,0.95,1.0,DE_00490,-,18194515,-,-,-,DiseaseEnhancer,TNF,18194515,-,-,-,-,DOID:12365,18194515,-,rs1800630,18194515,-
CRMHS00000006015,chr5,1285516,1287516,hg19,chr5,1285401,1287401,hg38,0.95,1.0,DE_00524,-,26149460,-,-,-,DiseaseEnhancer,TERT,26149460,-,-,-,-,OMIM:211980,26149460,-,rs2736100,26149460,-
CRMHS00000006020,chr5,141013402,141015200,hg19,chr5,141633835,141635633,hg38,0.95,1.0,DE_00517,-,28094813,-,-,-,DiseaseEnhancer,DIAPH1,28094813,-,-,-,-,mesh:D001523,28094813,-,rs2530223,28094813,-
CRMHS00000005864,chr16,68807602,68838400,hg19,chr16,68773699,68804497,hg38,0.95,1.0,DE_00668,-,22499810,-,-,-,DiseaseEnhancer,KDM4C,22499810,-,-,-,-,DOID:9256,22499810,-,rs9929218,22499810,-
CRMHS00000006011,chr4,90672602,90676200,hg19,chr4,89751451,89755049,hg38,0.95,1.0,DE_00549,-,27096366,-,-,-,DiseaseEnhancer,SNCA,27096366,-,-,-,-,DOID:14330,27096366,-,rs356168,27096366,-
CRMHS00000005828,chr13,72427002,72428800,hg19,chr13,71852870,71854668,hg38,0.95,1.0,DE_00471,-,24465431,-,-,-,DiseaseEnhancer,DACH1,24465431,-,-,-,-,mesh:D002318,24465431,-,rs1408888,24465431,-
CRMHS00000005816,chr12,2339802,2367400,hg19,chr12,2230636,2258234,hg38,0.95,1.0,DE_00571,-,27276213,-,-,-,DiseaseEnhancer,CACNA1C,27276213,-,-,-,-,mesh:D001714,27276213,-,rs4765905,27276213,-
CRMHS00000005859,chr16,53799602,53801200,hg19,chr16,53765690,53767288,hg38,0.95,1.0,DE_00472,-,26287746,-,-,-,DiseaseEnhancer,IRX3,26287746,-,-,-,-,OMIM:601665,26287746,-,rs1421085,26287746,-
CRMHS00000005932,chr20,42564802,42573200,hg19,chr20,43936162,43944560,hg38,0.95,1.0,DE_00644,-,28153336,-,-,-,DiseaseEnhancer,TOX2,28153336,-,-,-,-,DOID:1470,28153336,-,rs79645278,28153336,-
CRMHS00000005793,chr10,6107202,6117600,hg19,chr10,6065239,6075637,hg38,0.95,1.0,DE_00615,-,22396755,-,-,-,DiseaseEnhancer,PFKFB3,22396755,-,-,-,-,DOID:8778,22396755,-,rs7090512,22396755,-
CRMHS00000005830,chr14,105232802,105261000,hg19,chr14,104766465,104794663,hg38,0.95,1.0,DE_00515,-,27259051,-,-,-,DiseaseEnhancer,AKT1,27259051,-,-,-,-,DOID:1380,27259051,-,rs2494737,27259051,-
CRMHS00000006012,chr4,100075402,100080200,hg19,chr4,99154245,99159043,hg38,0.95,1.0,DE_00633,-,20363298,-,-,-,DiseaseEnhancer,ADH4,20363298,-,-,-,-,DOID:0050741,20363298,-,rs7678936,20363298,-
CRMHS00000006081,chr7,21937202,21939600,hg19,chr7,21897584,21899982,hg38,0.95,1.0,DE_00560,-,27882933,-,-,-,DiseaseEnhancer,CDCA7L,27882933,-,-,-,-,OMIM:254500,27882933,-,rs4487645,27882933,-
CRMHS00000006134,chr9,100551602,100552200,hg19,chr9,97789320,97789918,hg38,0.95,1.0,DE_00453,-,25918370,-,-,-,DiseaseEnhancer,PTCSC2,25918370,-,-,-,-,mesh:D000077273,25918370,-,rs7847449,25918370,-
CRMHS00000005871,chr17,38071002,38082600,hg19,chr17,39914749,39926347,hg38,0.95,1.0,DE_00554,-,27848966,-,-,-,DiseaseEnhancer,ORMDL3,27848966,-,-,-,-,mesh:D001249,27848966,-,rs4065275,27848966,-
CRMHS00000005760,chr1,209987802,209994800,hg19,chr1,209814457,209821455,hg38,0.95,1.0,DE_00597,-,18836445,-,-,-,DiseaseEnhancer,IRF6,18836445,-,-,-,-,mesh:D002972,18836445,-,rs642961,18836445,-
CRMHS00000005796,chr10,64736575,64738575,hg19,chr10,62976815,62978815,hg38,0.95,1.0,DE_00645,-,26214589,-,-,-,DiseaseEnhancer,EGR2,26214589,-,-,-,-,DOID:3369,26214589,-,rs79965208,26214589,-
CRMHS00000006133,chr9,100548402,100549800,hg19,chr9,97786120,97787518,hg38,0.95,1.0,DE_00639,-,25652407,-,-,-,DiseaseEnhancer,FOXE1,25652407,-,-,-,-,DOID:674,25652407,-,rs7850258,25652407,-
CRMHS00000006119,chr9,136535633,136537633,hg19,chr9,133670511,133672511,hg38,0.95,1.0,DE_00533,-,27001897,-,-,-,DiseaseEnhancer,SARDH,27001897,-,-,-,-,mesh:D009436,27001897,-,rs2797840,27001897,-
CRMHS00000005899,chr2,112752602,112753600,hg19,chr2,111995025,111996023,hg38,0.95,1.0,DE_00604,-,27577861,-,-,-,DiseaseEnhancer,MERTK,27577861,-,-,-,-,OMIM:114550,27577861,-,rs6726639,27577861,-
CRMHS00000005819,chr12,57523550,57557000,hg19,chr12,57129767,57163217,hg38,0.95,1.0,DE_00477,-,22055160,-,-,-,DiseaseEnhancer,LRP1,22055160,-,-,-,-,mesh:D017544,22055160,-,rs1466535,22055160,-
CRMHS00000005953,chr3,136800938,136802938,hg19,chr3,137082096,137084096,hg38,0.95,1.0,DE_00495,-,23441190,-,-,-,DiseaseEnhancer,NCK1,23441190,-,-,-,-,mesh:D003928,23441190,-,rs1866813,23441190,-
CRMHS00000005994,chr3,27548402,27550000,hg19,chr3,27506911,27508509,hg38,0.95,1.0,DE_00651,-,27784683,-,-,-,DiseaseEnhancer,SLC4A7,27784683,-,-,-,-,DOID:10763,27784683,-,rs820430,27784683,-
CRMHS00027685518,chr8,27449602,27475600,hg19,chr8,27592085,27618083,hg38,0.95,1.0,DE_01027,-,28973302,-,-,-,DiseaseEnhancer,CLU,28973302,-,-,-,-,DOID:10652,28973302,-,rs2279590,28973302,-
CRMHS00000005993,chr3,24201602,24205000,hg19,chr3,24160111,24163509,hg38,0.95,1.0,DE_00521,-,21871106,-,-,-,DiseaseEnhancer,THRB,21871106,-,-,-,-,mesh:D018382,21871106,-,rs2596623,21871106,-
CRMHS00000005919,chr2,30439602,30453600,hg19,chr2,30216736,30230734,hg38,0.95,1.0,DE_00653,-,27159840,-,-,-,DiseaseEnhancer,LBH,27159840,-,-,-,-,mesh:D001172,27159840,-,rs906868,27159840,-
CRMHS00027685509,chr1,66726202,66753400,hg19,chr1,66260519,66287717,hg38,0.95,1.0,DE_01013,-,29061142,-,-,-,DiseaseEnhancer,PDE4B,29061142,-,-,-,-,DOID:9952,29061142,-,rs12142375,29061142,-
CRMHS00000005875,chr17,54772238,54774238,hg19,chr17,56694877,56696877,hg38,0.95,1.0,DE_00511,-,25704602,-,-,-,DiseaseEnhancer,NOG,25704602,-,-,-,-,DOID:9296,25704602,-,rs227731,25704602,-
CRMHS00000005938,chr20,62588602,62596200,hg19,chr20,63957249,63964847,hg38,0.95,1.0,DE_00510,-,21665992,-,-,-,DiseaseEnhancer,ZNF512B,21665992,-,-,-,-,DOID:332,21665992,-,rs2275294,21665992,-
CRMHS00000005817,chr12,26469002,26473600,hg19,chr12,26316069,26320667,hg38,0.95,1.0,DE_00617,-,27384883,-,-,-,DiseaseEnhancer,BHLHE41,27384883,-,-,-,-,DOID:263,27384883,-,rs7132434,27384883,-
CRMHS00027685936,chr11,8249002,8257600,hg19,chr11,8227455,8236053,hg38,0.95,1.0,DE_00502,-,26560027,-,-,-,DiseaseEnhancer,LMO1,26560027,-,-,-,-,mesh:D009447,26560027,-,rs2168101,26560027,-
CRMHS00000005798,chr11,112025156,112027156,hg19,chr11,112154433,112156433,hg38,0.95,1.0,DE_00584,-,19745201,-,-,-,DiseaseEnhancer,IL18,19745201,-,-,-,-,DOID:2841,19745201,-,rs5744247,19745201,-
CRMHS00000006057,chr6,31523802,31532000,hg19,chr6,31556025,31564223,hg38,0.95,1.0,DE_00463,-,22071774,-,-,-,DiseaseEnhancer,LTA,22071774,-,-,-,-,mesh:D007918,22071774,-,rs13192469,22071774,-
CRMHS00000005758,chr1,192534107,192536107,hg19,chr1,192564977,192566977,hg38,0.95,1.0,DE_00443,-,27804980,-,-,-,DiseaseEnhancer,RGS1,27804980,-,-,-,-,DOID:2986,27804980,-,rs12022418,27804980,-
CRMHS00000006000,chr4,111709169,111711169,hg19,chr4,110788013,110790013,hg38,0.95,1.0,DE_00503,-,25888893,-,-,-,DiseaseEnhancer,PITX2,25888893,-,-,-,-,DOID:0060224,25888893,-,rs2200733,25888893,-
CRMHS00000006022,chr5,175086002,175127800,hg19,chr5,175658999,175700797,hg38,0.95,1.0,DE_00500,-,22615049,-,-,-,DiseaseEnhancer,HRH2,22615049,-,-,-,-,OMIM:613659,22615049,-,rs2067474,22615049,-
CRMHS00000005818,chr12,54360202,54361000,hg19,chr12,53966418,53967216,hg38,0.95,1.0,DE_00655,-,24788237,-,-,-,DiseaseEnhancer,HOTAIR,24788237,-,-,-,-,DOID:1107,24788237,-,rs920778,24788237,-
CRMHS00000005846,chr15,40379202,40400400,hg19,chr15,40087001,40108199,hg38,0.95,1.0,DE_00579,-,27524613,-,-,-,DiseaseEnhancer,BMF,27524613,-,-,-,-,mesh:D015451,27524613,-,rs539846,27524613,-
CRMHS00000005772,chr10,102978207,102980207,hg19,chr10,101218450,101220450,hg38,0.95,1.0,DE_00433,-,26820155,-,-,-,DiseaseEnhancer,LBX1,26820155,-,-,-,-,DOID:0060250,26820155,-,rs11190870,26820155,-
CRMHS00000006132,chr9,89720602,89726000,hg19,chr9,87105687,87111085,hg38,0.95,1.0,DE_00640,-,22785395,-,-,-,DiseaseEnhancer,DAPK1,22785395,-,-,-,-,OMIM:168600,22785395,-,rs7856774,22785395,-
CRMHS00000005755,chr1,181019802,181020800,hg19,chr1,181050666,181051664,hg38,0.95,1.0,DE_00411,-,27881839,-,-,-,DiseaseEnhancer,MR1,27881839,-,-,-,-,mesh:D014375,27881839,-,rs1052632,27881839,-
CRMHS00000005949,chr3,123323002,123427800,hg19,chr3,123604155,123708953,hg38,0.95,1.0,DE_00650,-,22015949,-,-,-,DiseaseEnhancer,MYLK,22015949,-,-,-,-,OMIM:600807,22015949,-,rs820336,22015949,-
CRMHS00000006013,chr5,110175802,110176800,hg19,chr5,110840103,110841101,hg38,0.95,1.0,DE_00665,-,27149122,-,-,-,DiseaseEnhancer,TSLP,27149122,-,-,-,-,mesh:D006333,27149122,-,rs9885413,27149122,-
CRMHS00000006026,chr5,56029202,56034400,hg19,chr5,56733375,56738573,hg38,0.95,1.0,DE_00564,-,23374354,-,-,-,DiseaseEnhancer,SETD9,23374354,-,-,-,-,DOID:1612,23374354,-,rs4700485,23374354,-
CRMHS00000005909,chr2,20879202,20882600,hg19,chr2,20679442,20682840,hg38,0.95,1.0,DE_00468,-,26979803,-,-,-,DiseaseEnhancer,LDAH,26979803,-,-,-,-,OMIM:176807,26979803,-,rs13394027,26979803,-
CRMHS00000005769,chr1,93009202,93009400,hg19,chr1,92543645,92543843,hg38,0.95,1.0,DE_00438,-,21602820,-,-,-,DiseaseEnhancer,GFI1,21602820,-,-,-,-,DOID:2377,21602820,-,rs11804321,21602820,-
CRMHS00000005779,chr10,12304602,12308600,hg19,chr10,12262603,12266601,hg38,0.95,1.0,DE_00434,-,25211022,-,-,-,DiseaseEnhancer,CDC123,25211022,-,-,-,-,mesh:D003924,25211022,-,rs11257655,25211022,-
CRMHS00000006041,chr6,152431802,152435400,hg19,chr6,152110667,152114265,hg38,0.95,1.0,DE_00654,-,26928228,-,-,-,DiseaseEnhancer,ESR1,26928228,-,-,-,-,mesh:D001943,26928228,-,rs910416,26928228,-
CRMHS00000006025,chr5,44705498,44707498,hg19,chr5,44705396,44707396,hg38,0.95,1.0,DE_00430,-,27640304,-,-,-,DiseaseEnhancer,FGF10,27640304,-,-,-,-,OMIM:114480,27640304,-,rs10941679,27640304,-
CRMHS00000005945,chr22,45673802,45678800,hg19,chr22,45277921,45282919,hg38,0.95,1.0,DE_00531,-,27409348,-,-,-,DiseaseEnhancer,UPK3A,27409348,-,-,-,-,mesh:D011471,27409348,-,rs2742624,27409348,-
CRMHS00000005948,chr3,12381802,12388800,hg19,chr3,12340303,12347301,hg38,0.95,1.0,DE_00563,-,25692342,-,-,-,DiseaseEnhancer,PPARG,25692342,-,-,-,-,mesh:D003324,25692342,-,rs4684847,25692342,-
CRMHS00000005939,chr21,43793402,43796800,hg19,chr21,42373293,42376691,hg38,0.95,1.0,DE_00536,-,25298020,-,-,-,DiseaseEnhancer,TFF1,25298020,-,-,-,-,DOID:1612,25298020,-,rs2839494,25298020,-
CRMHS00000005821,chr12,58163402,58165600,hg19,chr12,57769619,57771817,hg38,0.95,1.0,DE_00429,-,23160276,-,-,-,DiseaseEnhancer,CYP27B1,23160276,-,-,-,-,mesh:D009103,23160276,-,rs10877013,23160276,-
CRMHS00000005869,chr17,37910411,37959400,hg19,chr17,39754158,39803147,hg38,0.95,1.0,DE_00461,-,25363779,-,-,-,DiseaseEnhancer,IKZF3,25363779,-,-,-,-,mesh:D009103,25363779,-,rs12946510,25363779,-
CRMHS00000005889,chr18,46440202,46475000,hg19,chr18,48913832,48948630,hg38,0.95,1.0,DE_00586,-,25375357,-,-,-,DiseaseEnhancer,SMAD7,25375357,-,-,-,-,DOID:9256,25375357,-,rs6507875,25375357,-
CRMHS00000005776,chr10,123330602,123341000,hg19,chr10,121571088,121581486,hg38,0.95,1.0,DE_00538,-,18462018,-,-,-,DiseaseEnhancer,FGFR2,18462018,-,-,-,-,OMIM:114480,18462018,-,rs7895676,18462018,-
CRMHS00000005858,chr16,52590402,52600200,hg19,chr16,52556490,52566288,hg38,0.95,1.0,DE_00572,-,23001124,-,-,-,DiseaseEnhancer,TOX3,23001124,-,-,-,-,OMIM:114480,23001124,-,rs4784227,23001124,-
CRMHS00000005995,chr3,37034602,37040200,hg19,chr3,36993111,36998709,hg38,0.95,1.0,DE_00307,-,28195176,-,-,-,DiseaseEnhancer,DCLK3,28195176,-,-,-,-,mesh:D015179,28195176,-,rs1800734,28195176,-
CRMHS00000005996,chr3,46409402,46417600,hg19,chr3,46367911,46376109,hg38,0.95,1.0,DE_00580,-,26307764,-,-,-,DiseaseEnhancer,CCR5,26307764,-,-,-,-,-,26307764,-,rs553615728,26307764,-
CRMHS00000006031,chr6,138190202,138205800,hg19,chr6,137869065,137884663,hg38,0.95,1.0,DE_00504,-,26324017,-,-,-,DiseaseEnhancer,TNFAIP3,26324017,-,-,-,-,DOID:9074,26324017,-,rs2230926,26324017,-
CRMHS00000006092,chr8,128102602,128104800,hg19,chr8,127090357,127092555,hg38,0.95,1.0,DE_00622,-,27526323,-,-,-,DiseaseEnhancer,PCAT1,27526323,-,-,-,-,OMIM:176807,27526323,-,rs7463708,27526323,-
CRMHS00000006096,chr8,128191002,128193600,hg19,chr8,127178757,127181355,hg38,0.95,1.0,DE_00514,-,26229090,-,-,-,DiseaseEnhancer,MYC,26229090,-,-,-,-,OMIM:613065,26229090,-,rs2456449,26229090,-
CRMHS00027685970,chr3,123036602,123074000,hg19,chr3,123317755,123355153,hg38,0.95,1.0,DE_01010,-,28684635,-,-,-,DiseaseEnhancer,ADCY5,28684635,-,-,-,-,DOID:9352,28684635,-,rs11708067,28684635,-
CRMHS00000006097,chr8,128322819,128324819,hg19,chr8,127310574,127312574,hg38,0.95,1.0,DE_00550,-,21814516,-,-,-,DiseaseEnhancer,PVT1,21814516,-,-,-,-,DOID:10283,21814516,-,rs378854,21814516,-
CRMHS00000006028,chr6,117209052,117211052,hg19,chr6,116887889,116889889,hg38,0.95,1.0,DE_00547,-,26398868,-,-,-,DiseaseEnhancer,RFX6,26398868,-,-,-,-,DOID:10283,26398868,-,rs339331,26398868,-
CRMHS00000005883,chr17,69107655,69109655,hg19,chr17,71111514,71113514,hg38,0.95,1.0,DE_00493,-,22665440,-,-,-,DiseaseEnhancer,SOX9,22665440,-,-,-,-,DOID:10283,22665440,-,rs1859961,22665440,-
CRMHS00000005849,chr15,62390602,62392000,hg19,chr15,62098403,62099801,hg38,0.95,1.0,DE_00618,-,27329800,-,-,-,DiseaseEnhancer,VPS13C,27329800,-,-,-,-,OMIM:125853,27329800,-,rs7163757,27329800,-
CRMHS00000005827,chr13,50944202,50945400,hg19,chr13,50370066,50371264,hg38,0.95,1.0,DE_00518,-,23940804,-,-,-,DiseaseEnhancer,ARL11,23940804,-,-,-,-,mesh:D011471,23940804,-,rs2532975,23940804,-
CRMHS00000005804,chr11,69233802,69236800,hg19,chr11,69419034,69422032,hg38,0.95,1.0,DE_00643,-,22406644,-,-,-,DiseaseEnhancer,CCND1,22406644,-,-,-,-,mesh:D007680,22406644,-,rs7948643,22406644,-
CRMHS00000006072,chr7,117255202,117258200,hg19,chr7,117615148,117618146,hg38,0.95,1.0,DE_00488,-,27527254,-,-,-,DiseaseEnhancer,CFTR,27527254,-,-,-,-,-,27527254,-,rs17451754,27527254,-
CRMHS00000005749,chr1,121111052,121113052,hg19,chr1,121369191,121371191,hg38,0.95,1.0,DE_00520,-,21738711,-,-,-,DiseaseEnhancer,NOTCH2,21738711,-,-,-,-,OMIM:114480,21738711,-,rs2580520,21738711,-
CRMHS00000005874,chr17,5519002,5520600,hg19,chr17,5615682,5617280,hg38,0.95,1.0,DE_00522,-,22067658,-,-,-,DiseaseEnhancer,PTEN,22067658,-,-,-,-,mesh:D011471,22067658,-,rs2670660,22067658,-
CRMHS00000006016,chr5,1286194,1288194,hg19,chr5,1286079,1288079,hg38,0.95,1.0,DE_00537,-,27191258,-,-,-,DiseaseEnhancer,TERT,27191258,-,-,-,-,DOID:1324,27191258,-,rs2853677,27191258,-
CRMHS00000006050,chr6,161142608,161144608,hg19,chr6,160721576,160723576,hg38,0.95,1.0,DE_00555,-,23202125,-,-,-,DiseaseEnhancer,PLG,23202125,-,-,-,-,DOID:3393,23202125,-,rs4252120,23202125,-
CRMHS00000006062,chr6,72091202,72127800,hg19,chr6,71381499,71418097,hg38,0.95,1.0,DE_00632,-,27374108,-,-,-,DiseaseEnhancer,MIR30A,27374108,-,-,-,-,OMIM:211980,27374108,-,rs763354,27374108,-
CRMHS00000006030,chr6,134213002,134221400,hg19,chr6,133891864,133900262,hg38,0.95,1.0,DE_00444,-,23874238,-,-,-,DiseaseEnhancer,TCF21,23874238,-,-,-,-,DOID:3393,23874238,-,rs12190287,23874238,-
CRMHS00000006060,chr6,37775402,37777000,hg19,chr6,37807626,37809224,hg38,0.95,1.0,DE_00585,-,24413736,-,-,-,DiseaseEnhancer,ZFAND3,24413736,-,-,-,-,DOID:9352,24413736,-,rs58692659,24413736,-
CRMHS00000005920,chr2,60691402,60718400,hg19,chr2,60464267,60491265,hg38,0.95,1.0,DE_00473,-,24115442,-,-,-,DiseaseEnhancer,BCL11A,24115442,-,-,-,-,-,24115442,-,rs1427407,24115442,-
CRMHS00000005908,chr2,202204602,202204800,hg19,chr2,201339879,201340077,hg38,0.95,1.0,DE_00408,-,26795348,-,-,-,DiseaseEnhancer,CASP8,26795348,-,-,-,-,mesh:D001943,26795348,-,rs10197246,26795348,-
CRMHS00000006051,chr6,163211465,163213465,hg19,chr6,162790433,162792433,hg38,0.95,1.0,DE_00658,-,23861666,-,-,-,DiseaseEnhancer,PRKN,23861666,-,-,-,-,mesh:D007918,23861666,-,rs9365492,23861666,-
CRMHS00000005799,chr11,2184202,2187600,hg19,chr11,2162972,2166370,hg38,0.95,1.0,DE_00501,-,18208403,-,-,-,DiseaseEnhancer,SDHC,18208403,-,-,-,-,DOID:10763,18208403,-,rs2070762,18208403,-
CRMHS00027685526,chr1,170586602,170590000,hg19,chr1,170617461,170620859,hg38,0.95,1.0,DE_01037,-,28974514,-,-,-,DiseaseEnhancer,PRRX1,28974514,-,-,-,-,DOID:0060224,28974514,-,rs577676,28974514,-
CRMHS00000026473,chr13,73972794,74005015,hg19,chr13,73398657,73430878,hg38,0.95,1.0,DE_00019,-,26656844,-,-,-,DiseaseEnhancer,KLF5,26656844,-,-,-,-,mesh:D000077195,26656844,-,-,-,-
CRMHS00027685539,chr10,90986602,91006000,hg19,chr10,89226845,89246243,hg38,0.95,1.0,DE_00814,-,27869826,-,-,-,DiseaseEnhancer,LIPA,27869826,-,-,-,-,DOID:3571,27869826,-,-,-,-
CRMHS00027685529,chr11,113845402,113846400,hg19,chr11,113974680,113975678,hg38,0.95,1.0,DE_00074,-,25910213,-,-,-,DiseaseEnhancer,HTR3A,25910213,-,-,-,-,DOID:3312,25910213,-,-,-,-
CRMHS00000005959,chr3,138953406,138953701,hg19,chr3,139234564,139234859,hg38,0.95,1.0,DE_00634,-,19543368,-,-,-,DiseaseEnhancer,FOXL2,19543368,-,-,-,-,DOID:10348,19543368,-,-,-,-
CRMHS00000006093,chr8,128105880,128107880,hg19,chr8,127093635,127095635,hg38,0.95,1.0,DE_00607,-,22382457,-,-,-,DiseaseEnhancer,MYC,22382457,-,-,-,-,mesh:D011471,22382457,-,rs6983561,22382457,-
CRMHS00000005786,chr10,43446602,43448600,hg19,chr10,42951154,42953152,hg38,0.95,1.0,DE_00516,-,25839327,-,-,-,DiseaseEnhancer,RET,25839327,-,-,-,-,mesh:D006627,25839327,-,rs2506030,25839327,-
CRMHS00000001594,chr5,124651163,124654187,hg19,chr5,125315470,125318494,hg38,0.95,1.0,DE_00314,-,25701871,-,-,-,DiseaseEnhancer,LMNB1,25701871,-,-,-,-,OMIM:169500,25701871,-,-,-,-
CRMHS00000005812,chr12,114703515,114705515,hg19,chr12,114265710,114267710,hg38,0.95,1.0,DE_00135,-,26382709,-,-,-,DiseaseEnhancer,TBX5,26382709,-,-,-,-,mesh:C535326,26382709,-,-,-,-
CRMHS00000005802,chr11,31676019,31679740,hg19,chr11,31654471,31658192,hg38,0.95,1.0,DE_00083,-,27919838,-,-,-,DiseaseEnhancer,PAX6,27919838,-,-,-,-,mesh:D015783,27919838,-,-,-,-
CRMHS00000006094,chr8,128123126,128125126,hg19,chr8,127110881,127112881,hg38,0.95,1.0,DE_00481,-,23226612,-,-,-,DiseaseEnhancer,MYC,23226612,-,-,-,-,mesh:D011471,23226612,-,rs1551512,23226612,-
CRMHS00000005807,chr11,69331202,69334200,hg19,chr11,69516434,69519432,hg38,0.95,1.0,DE_00117,-,23540573,-,-,-,DiseaseEnhancer,CCND1,23540573,-,-,-,-,DOID:1612,23540573,-,rs78540526,23540573,-
CRMHS00000005767,chr1,47780992,47782224,hg19,chr1,47315320,47316552,hg38,0.95,1.0,DE_00241,-,26940867,-,-,-,DiseaseEnhancer,TAL1,26940867,-,-,-,-,mesh:D015458,26940867,-,-,-,-
CRMHS00000006070,chr7,101129817,101130058,hg19,chr7,101486536,101486777,hg38,0.95,1.0,DE_00025,-,21948517,-,-,-,DiseaseEnhancer,SHH,21948517,-,-,-,-,DOID:4621,21948517,-,-,-,-
CRMHS00027685511,chr3,128320778,128328914,hg19,chr3,128601935,128610071,hg38,0.95,1.0,DE_00021,-,24703711,-,-,-,DiseaseEnhancer,MECOM,24703711,-,-,-,-,mesh:D015470,24703711,-,-,-,-
CRMHS00000005785,chr10,23507446,23509446,hg19,chr10,23218517,23220517,hg38,0.95,1.0,DE_00036,-,24212882,-,-,-,DiseaseEnhancer,PTF1A,24212882,-,-,-,-,OMIM:260370,24212882,-,-,-,-
CRMHS00000005777,chr10,123348002,123356600,hg19,chr10,121588488,121597086,hg38,0.95,1.0,DE_00561,-,27236187,-,-,-,DiseaseEnhancer,FGFR2,27236187,-,-,-,-,mesh:D001943,27236187,-,rs45631563,27236187,-
CRMHS00000006104,chr8,128531137,128533137,hg19,chr8,127518892,127520892,hg38,0.95,1.0,DE_00406,-,19680443,-,-,-,DiseaseEnhancer,MYC,19680443,-,-,-,-,OMIM:176807,19680443,-,rs10090154,19680443,-
CRMHS00000005771,chr1,98514539,98516539,hg19,chr1,98048983,98050983,hg38,0.95,1.0,DE_00242,-,25434007,-,-,-,DiseaseEnhancer,MIR2682,25434007,-,-,-,-,OMIM:181500,25434007,-,-,-,-
CRMHS00000005950,chr3,128197802,128206200,hg19,chr3,128478959,128487357,hg38,0.95,1.0,DE_00268,-,23502222,-,-,-,DiseaseEnhancer,GATA2,23502222,-,-,-,-,OMIM:614172,23502222,-,-,-,-
CRMHS00000006036,chr6,151953002,151954000,hg19,chr6,151631867,151632865,hg38,0.95,1.0,DE_00659,-,27571262,-,-,-,DiseaseEnhancer,ESR1,27571262,-,-,-,-,mesh:D001943,27571262,-,rs9383590,27571262,-
CRMHS00027685879,chrX,857558,858158,hg19,chrX,896823,897423,hg38,0.95,1.0,DE_00027,-,19578035,-,-,-,DiseaseEnhancer,SHOX,19578035,-,-,-,-,OMIM:300582,19578035,-,-,-,-
CRMHS00027685937,chr16,53829465,53831465,hg19,chr16,53795553,53797553,hg38,0.95,1.0,DE_00670,-,24646999,-,-,-,DiseaseEnhancer,IRX3,24646999,-,-,-,-,mesh:D003924,24646999,-,rs9930506,24646999,-
CRMHS00000006053,chr6,163964037,164018687,hg19,chr6,163543005,163597655,hg38,0.95,1.0,DE_00026,-,26829751,-,-,-,DiseaseEnhancer,MYB,26829751,-,-,-,-,mesh:D005910,26829751,-,-,-,-
CRMHS00000005942,chr21,47819654,47820374,hg19,chr21,46399740,46400460,hg38,0.95,1.0,DE_00001,-,23327922,-,-,-,DiseaseEnhancer,ERG,23327922,-,-,-,-,DOID:9119,23327922,-,-,-,-
CRMHS00000005935,chr20,47895202,47912200,hg19,chr20,49278665,49295663,hg38,0.95,1.0,DE_00246,-,28333948,-,-,-,DiseaseEnhancer,ZFAS1,28333948,-,-,-,-,mesh:D006528,28333948,-,-,-,-
CRMHS00000005896,chr19,41367602,41372400,hg19,chr19,40861697,40866495,hg38,0.95,1.0,DE_00239,-,28145423,-,-,-,DiseaseEnhancer,EGLN2,28145423,-,-,-,-,OMIM:167000,28145423,-,-,-,-
CRMHS00000005788,chr10,43551895,43553895,hg19,chr10,43056447,43058447,hg38,0.95,1.0,DE_00609,-,27693352,-,-,-,DiseaseEnhancer,RET,27693352,-,-,-,-,mesh:D006627,27693352,-,rs7069590,27693352,-
CRMHS00000001610,chr5,134769599,134772144,hg19,chr5,135433909,135436454,hg38,0.95,1.0,DE_00020,-,23601627,-,-,-,DiseaseEnhancer,PITX1,23601627,-,-,-,-,OMIM:186550,23601627,-,-,-,-
CRMHS00000006024,chr5,25966202,25968000,hg19,chr5,25966093,25967891,hg38,0.95,1.0,DE_00556,-,27503586,-,-,-,DiseaseEnhancer,-,-,-,-,-,-,mesh:D000067877,27503586,-,rs4307059,27503586,-
CRMHS00000005840,chr14,60973449,60975449,hg19,chr14,60506731,60508731,hg38,0.95,1.0,DE_00180,-,24875647,-,-,-,DiseaseEnhancer,SIX6,24875647,-,-,-,-,DOID:1070,24875647,-,-,-,-
CRMHS00000006063,chr6,74596274,74597932,hg19,chr6,73886558,73888216,hg38,0.95,1.0,DE_00357,-,22016467,-,-,-,DiseaseEnhancer,CDKN2B,22016467,-,-,-,-,OMIM:260350,22016467,-,-,-,-
CRMHS00000006032,chr6,138229039,138231039,hg19,chr6,137907902,137909902,hg38,0.95,1.0,DE_00478,-,24039598,-,-,-,DiseaseEnhancer,-,-,-,-,-,-,OMIM:152700,24039598,-,rs148314165,24039598,-
CRMHS00000005778,chr10,124217002,124220400,hg19,chr10,122457486,122460884,hg38,0.95,1.0,DE_00029,-,25519903,-,-,-,DiseaseEnhancer,HTRA1,25519903,-,-,-,-,mesh:D008268,25519903,-,-,-,-
CRMHS00027685570,chr5,1325957,1328153,hg19,chr5,1325842,1328038,hg38,0.95,1.0,DE_01000,-,28874753,-,-,-,DiseaseEnhancer,CLPTM1L,28874753,-,-,-,-,OMIM:114480,28874753,-,-,-,-
CRMHS00000006087,chr8,127888002,127892000,hg19,chr8,126875757,126879755,hg38,0.95,1.0,DE_00375,-,25149474,-,-,-,DiseaseEnhancer,LRATD2,25149474,-,-,-,-,OMIM:176807,25149474,-,-,-,-
CRMHS00000006018,chr5,1340202,1344600,hg19,chr5,1340087,1344485,hg38,0.95,1.0,DE_00323,-,26466568,-,-,-,DiseaseEnhancer,TERT,26466568,-,-,-,-,DOID:769,26466568,-,-,-,-
CRMHS00000005848,chr15,54203002,54203600,hg19,chr15,53910805,53911403,hg38,0.95,1.0,DE_00184,-,22496589,-,-,-,DiseaseEnhancer,BCL2,22496589,-,-,-,-,DOID:10283,22496589,-,-,-,-
CRMHS00027685931,chr9,134250000,134270000,hg19,chr9,131374613,131394613,hg38,0.95,1.0,DE_00022,-,25043047,-,-,-,DiseaseEnhancer,GFI1,25043047,-,-,-,-,OMIM:155255,25043047,-,-,-,-
CRMHS00000005885,chr17,69705602,69706600,hg19,chr17,71709461,71710459,hg38,0.95,1.0,DE_00230,-,26030420,-,-,-,DiseaseEnhancer,SOX9,26030420,-,-,-,-,mesh:C536942,26030420,-,-,-,-
CRMHS00000005951,chr3,128291911,128293310,hg19,chr3,128573068,128574467,hg38,0.95,1.0,DE_00404,-,24703906,-,-,-,DiseaseEnhancer,MECOM,24703906,-,-,-,-,OMIM:601626,24703906,-,-,-,-
CRMHS00027685977,chrX,81728473,81728883,hg19,chrX,82473024,82473434,hg38,0.95,1.0,DE_00402,-,20668882,-,-,-,DiseaseEnhancer,POU3F4,20668882,-,-,-,-,-,20668882,-,-,-,-
CRMHS00000005801,chr11,31534353,31542527,hg19,chr11,31512806,31520980,hg38,0.95,1.0,DE_00009,-,15549674,-,-,-,DiseaseEnhancer,PAX6,15549674,-,-,-,-,OMIM:106210,15549674,-,-,-,-
CRMHS00000006085,chr7,96357368,96357928,hg19,chr7,96728056,96728616,hg38,0.95,1.0,DE_00372,-,21509892,-,-,-,DiseaseEnhancer,DLX6,21509892,-,-,-,-,-,21509892,-,-,-,-
CRMHS00000006113,chr8,130180065,130180972,hg19,chr8,129167819,129168726,hg38,0.95,1.0,DE_00382,-,25194570,-,-,-,DiseaseEnhancer,MYC,25194570,-,-,-,-,DOID:5603,25194570,-,-,-,-
CRMHS00027685845,chr12,112006202,112009400,hg19,chr12,111568398,111571596,hg38,0.95,1.0,DE_01044,-,29093029,-,-,-,DiseaseEnhancer,BRAP,29093029,-,-,-,-,DOID:784,29093029,-,rs653178,29093029,-
CRMHS00000006107,chr8,128750402,128756400,hg19,chr8,127738156,127744154,hg38,0.95,1.0,DE_00379,-,27223305,-,-,-,DiseaseEnhancer,MYC,27223305,-,-,-,-,DOID:9256,27223305,-,-,-,-
CRMHS00000005794,chr10,64201343,64202560,hg19,chr10,62441584,62442801,hg38,0.95,1.0,DE_00043,-,22522483,-,-,-,DiseaseEnhancer,EGR2,22522483,-,-,-,-,-,22522483,-,-,-,-
CRMHS00000006073,chr7,128572802,128578000,hg19,chr7,128932748,128937946,hg38,0.95,1.0,DE_00570,-,24196873,-,-,-,DiseaseEnhancer,IRF5,24196873,-,-,-,-,mesh:D003424,24196873,-,rs4728142,24196873,-
CRMHS00000005998,chr3,52804202,52804600,hg19,chr3,52770186,52770584,hg38,0.95,1.0,DE_00462,-,25453756,-,-,-,DiseaseEnhancer,SPCS1,25453756,-,-,-,-,mesh:D012559,25453756,-,rs13071584,25453756,-
CRMHS00000005789,chr10,43580812,43583711,hg19,chr10,43085364,43088263,hg38,0.95,1.0,DE_00039,-,16269442,-,-,-,DiseaseEnhancer,RET,16269442,-,-,-,-,DOID:10487,16269442,-,-,-,-
CRMHS00000006086,chr8,11342973,11344973,hg19,chr8,11485464,11487464,hg38,0.95,1.0,DE_00525,-,24196873,-,-,-,DiseaseEnhancer,FAM167A,24196873,-,-,-,-,DOID:8577,24196873,-,rs2736340,24196873,-
CRMHS00000005795,chr10,64445329,64445644,hg19,chr10,62685569,62685884,hg38,0.95,1.0,DE_00422,-,24196873,-,-,-,DiseaseEnhancer,ADO,24196873,-,-,-,-,DOID:10608,24196873,-,rs10761659,24196873,-
CRMHS00000005811,chr11,8288480,8290480,hg19,chr11,8266933,8268933,hg38,0.95,1.0,DE_00128,-,28260788,-,-,-,DiseaseEnhancer,LMO1,28260788,-,-,-,-,DOID:9952,28260788,-,-,-,-
CRMHS00027685517,chr2,8440002,8455200,hg19,chr2,8299872,8315070,hg38,0.95,1.0,DE_01033,-,28945252,-,-,-,DiseaseEnhancer,ID2,28945252,-,-,-,-,DOID:1205,28945252,-,rs367023,28945252,-
CRMHS00000005454,chr14,60973427,60975430,hg19,chr14,60506709,60508712,hg38,0.95,1.0,DE_00994,-,28717659,-,-,-,DiseaseEnhancer,SIX6,28717659,-,-,-,-,DOID:1070,28717659,-,-,-,-
CRMHS00027685510,chr1,47703954,47705983,hg19,chr1,47238282,47240311,hg38,0.95,1.0,DE_00182,-,25394790,-,-,-,DiseaseEnhancer,TAL1,25394790,-,-,-,-,OMIM:613065,25394790,-,-,-,-
CRMHS00027685968,chr4,26085002,26091000,hg19,chr4,26083380,26089378,hg38,0.95,1.0,DE_01031,-,28945252,-,-,-,DiseaseEnhancer,RBPJ,28945252,-,-,-,-,mesh:D003922,28945252,-,rs34185821,28945252,-
CRMHS00000005934,chr20,44739156,44740600,hg19,chr20,46110517,46111961,hg38,0.95,1.0,DE_00592,-,24196873,-,-,-,DiseaseEnhancer,CD40,24196873,-,-,-,-,mesh:D002446,24196873,-,rs6074022,24196873,-
CRMHS00000005901,chr2,113586802,113594400,hg19,chr2,112829225,112836823,hg38,0.95,1.0,DE_00435,-,27569042,-,-,-,DiseaseEnhancer,IL1B,27569042,-,-,-,-,mesh:D010510,27569042,-,rs1143634,27569042,-
CRMHS00027685828,chr1,150947602,150955600,hg19,chr1,150975126,150983124,hg38,0.95,1.0,DE_01029,-,29093029,-,-,-,DiseaseEnhancer,CTSK,29093029,-,-,-,-,mesh:D051436,29093029,-,rs267734,29093029,-
CRMHS00027685849,chr2,73865402,73870200,hg19,chr2,73638275,73643073,hg38,0.95,1.0,DE_01019,-,29093029,-,-,-,DiseaseEnhancer,TTC31,29093029,-,-,-,-,mesh:D051436,29093029,-,rs13538,29093029,-
CRMHS00027685532,chrX,128374202,128374800,hg19,chrX,129240225,129240823,hg38,0.95,1.0,DE_00900,-,27869826,-,-,-,DiseaseEnhancer,SMARCA1,27869826,-,-,-,-,mesh:D005909,27869826,-,-,-,-
CRMHS00027685859,chr8,139804402,139806200,hg19,chr8,138792159,138793957,hg38,0.95,1.0,DE_00953,-,27869826,-,-,-,DiseaseEnhancer,FAM135B,27869826,-,-,-,-,DOID:5517,27869826,-,-,-,-
CRMHS00027685836,chr11,64460802,64466200,hg19,chr11,64693330,64698728,hg38,0.95,1.0,DE_01036,-,29093029,-,-,-,DiseaseEnhancer,ARL2,29093029,-,-,-,-,DOID:784,29093029,-,rs504915,29093029,-
CRMHS00027685545,chr6,151193402,151207200,hg19,chr6,150872266,150886064,hg38,0.95,1.0,DE_00800,-,27869826,-,-,-,DiseaseEnhancer,MTHFD1L,27869826,-,-,-,-,DOID:6171,27869826,-,-,-,-
CRMHS00027685540,chr6,167395002,167395200,hg19,chr6,166981514,166981712,hg38,0.95,1.0,DE_00845,-,27869826,-,-,-,DiseaseEnhancer,AFDN,27869826,-,-,-,-,DOID:0080829,27869826,-,-,-,-
CRMHS00027685852,chr5,39390402,39404000,hg19,chr5,39390300,39403898,hg38,0.95,1.0,DE_01012,-,29093029,-,-,-,DiseaseEnhancer,DAB2,29093029,-,-,-,-,DOID:784,29093029,-,rs11959928,29093029,-
CRMHS00027685513,chr16,663202,685800,hg19,chr16,613202,635800,hg38,0.95,1.0,DE_00942,-,27869826,-,-,-,DiseaseEnhancer,STUB1,27869826,-,-,-,-,DOID:3744,27869826,-,-,-,-
CRMHS00000005862,chr16,53814602,53817000,hg19,chr16,53780690,53783088,hg38,0.95,1.0,DE_00646,-,21035756,-,-,-,DiseaseEnhancer,FTO,21035756,-,-,-,-,DOID:9352,21035756,-,rs9935401,21035756,-
CRMHS00027685542,chr16,84240602,84241000,hg19,chr16,84206996,84207394,hg38,0.95,1.0,DE_00915,-,27869826,-,-,-,DiseaseEnhancer,OSGIN1,27869826,-,-,-,-,mesh:D018284,27869826,-,-,-,-
CRMHS00027685840,chr4,77367202,77372600,hg19,chr4,76446049,76451447,hg38,0.95,1.0,DE_01021,-,29093029,-,-,-,DiseaseEnhancer,SHROOM3,29093029,-,-,-,-,mesh:D051436,29093029,-,rs17319721,29093029,-
CRMHS00000005922,chr2,68643202,68648400,hg19,chr2,68416070,68421268,hg38,0.95,1.0,DE_00624,-,22396755,-,-,-,DiseaseEnhancer,PLEK,22396755,-,-,-,-,DOID:2377,22396755,-,rs7595037,22396755,-
CRMHS00027685830,chr19,33355891,33357891,hg19,chr19,32864985,32866985,hg38,0.95,1.0,DE_01014,-,29093029,-,-,-,DiseaseEnhancer,CEBPG,29093029,-,-,-,-,DOID:784,29093029,-,rs12460876,29093029,-
CRMHS00027685829,chr20,23608802,23618600,hg19,chr20,23628165,23637963,hg38,0.95,1.0,DE_01051,-,29093029,-,-,-,DiseaseEnhancer,CST8,29093029,-,-,-,-,mesh:D051436,29093029,-,rs911119,29093029,-
CRMHS00027685831,chr20,57468002,57486800,hg19,chr20,58892947,58911745,hg38,0.95,1.0,DE_01038,-,29093029,-,-,-,DiseaseEnhancer,NPEPL1,29093029,-,-,-,-,mesh:D051436,29093029,-,rs6026584,29093029,-
CRMHS00027685843,chr7,77415439,77417439,hg19,chr7,77786122,77788122,hg38,0.95,1.0,DE_01043,-,29093029,-,-,-,DiseaseEnhancer,TMEM60,29093029,-,-,-,-,mesh:D051436,29093029,-,rs6465825,29093029,-
CRMHS00027685533,chr3,15599802,15600000,hg19,chr3,15558295,15558493,hg38,0.95,1.0,DE_00880,-,27869826,-,-,-,DiseaseEnhancer,BTD,27869826,-,-,-,-,DOID:8923,27869826,-,-,-,-
