crm_ID,orig_chr,orig_start,orig_end,orig_assembly,current_chr,current_start,current_end,current_assembly,minimum_ratio,score,original_ID,crossref,enh_PMID,biosample,enh_method,type,source,hgnc_symbol_target_genes,enh2gene_PMID,enh2gene_method,hgnc_symbol_TFs,TFs2enh_PMID,TFs2enh_method,disease,disease_PMID,disease_method,refsnp_ID,mutation_PMID,mutation_method
CRMHS00000085114,chr11,132276732,132277095,hg19,chr11,132406838,132407201,hg38,0.95,1,-,-,24670763,-,CAGE,-,FANTOM5,-,-,-,-,-,-,-,-,-,-,-,-
CRMHS00000079042,chr1,33202470,33202806,hg19,chr1,32736869,32737205,hg38,0.95,1,-,-,24670763,-,CAGE,-,FANTOM5,NHSL3,24670763,expression correlation,-,-,-,-,-,-,-,-,-
CRMHS00000108437,chr2,242702443,242702859,hg19,chr2,241763028,241763444,hg38,0.95,1,-,-,24670763,-,CAGE,-,FANTOM5,D2HGDH,24670763,expression correlation,-,-,-,-,-,-,-,-,-
CRMHS00000097529,chr16,67867011,67867153,hg19,chr16,67833108,67833250,hg38,0.95,1,-,-,24670763,-,CAGE,-,FANTOM5,TPPP3,24670763,expression correlation,-,-,-,-,-,-,-,-,-
CRMHS00000131597,chr7,37775903,37776023,hg19,chr7,37736301,37736421,hg38,0.95,1,-,-,24670763,-,CAGE,-,FANTOM5,NME8,24670763,expression correlation,-,-,-,-,-,-,-,-,-
CRMHS00000082671,chr10,4713647,4713873,hg19,chr10,4671455,4671681,hg38,0.95,1,-,-,24670763,-,CAGE,-,FANTOM5,-,-,-,-,-,-,-,-,-,-,-,-
CRMHS00000117277,chr3,32426467,32426762,hg19,chr3,32384975,32385270,hg38,0.95,1,-,-,24670763,-,CAGE,-,FANTOM5,-,-,-,-,-,-,-,-,-,-,-,-
CRMHS00000095051,chr15,59698541,59698940,hg19,chr15,59406342,59406741,hg38,0.95,1,-,-,24670763,-,CAGE,-,FANTOM5,FAM81A,24670763,expression correlation,-,-,-,-,-,-,-,-,-
CRMHS00000112220,chr20,62435328,62435422,hg19,chr20,63803975,63804069,hg38,0.95,1,-,-,24670763,-,CAGE,-,FANTOM5,DNAJC5,24670763,expression correlation,-,-,-,-,-,-,-,-,-
CRMHS00000125693,chr6,114167209,114167452,hg19,chr6,113846022,113846265,hg38,0.95,1,-,-,24670763,-,CAGE,-,FANTOM5,MARCKS,24670763,expression correlation,-,-,-,-,-,-,-,-,-
CRMHS00000116099,chr3,16024262,16024670,hg19,chr3,15982755,15983163,hg38,0.95,1,-,-,24670763,-,CAGE,-,FANTOM5,-,-,-,-,-,-,-,-,-,-,-,-
CRMHS00000091883,chr13,91487556,91487886,hg19,chr13,90835302,90835632,hg38,0.95,1,-,-,24670763,-,CAGE,-,FANTOM5,-,-,-,-,-,-,-,-,-,-,-,-
CRMHS00000092699,chr14,44437752,44437871,hg19,chr14,43968549,43968668,hg38,0.95,1,-,-,24670763,-,CAGE,-,FANTOM5,-,-,-,-,-,-,-,-,-,-,-,-
CRMHS00000100607,chr17,72623135,72623307,hg19,chr17,74626996,74627168,hg38,0.95,1,-,-,24670763,-,CAGE,-,FANTOM5,CD300E,24670763,expression correlation,-,-,-,-,-,-,-,-,-
CRMHS00000114021,chr22,37813025,37813137,hg19,chr22,37416986,37417098,hg38,0.95,1,-,-,24670763,-,CAGE,-,FANTOM5,TRIOBP,24670763,expression correlation,-,-,-,-,-,-,-,-,-
CRMHS00000110752,chr20,23084032,23084273,hg19,chr20,23103395,23103636,hg38,0.95,1,-,-,24670763,-,CAGE,-,FANTOM5,CD93,24670763,expression correlation,-,-,-,-,-,-,-,-,-
CRMHS00000103985,chr19,42289644,42289819,hg19,chr19,41785737,41785912,hg38,0.95,1,-,-,24670763,-,CAGE,-,FANTOM5,-,-,-,-,-,-,-,-,-,-,-,-
CRMHS00000136518,chr9,116036635,116036980,hg19,chr9,113274355,113274700,hg38,0.95,1,-,-,24670763,-,CAGE,-,FANTOM5,FKBP15,24670763,expression correlation,-,-,-,-,-,-,-,-,-
CRMHS00000087300,chr12,109010746,109010939,hg19,chr12,108616970,108617163,hg38,0.95,1,-,-,24670763,-,CAGE,-,FANTOM5,SSH1,24670763,expression correlation,-,-,-,-,-,-,-,-,-
CRMHS00000116097,chr3,160177930,160178178,hg19,chr3,160460142,160460390,hg38,0.95,1,-,-,24670763,-,CAGE,-,FANTOM5,-,-,-,-,-,-,-,-,-,-,-,-
CRMHS00000132610,chr7,92290698,92291011,hg19,chr7,92661384,92661697,hg38,0.95,1,-,-,24670763,-,CAGE,-,FANTOM5,-,-,-,-,-,-,-,-,-,-,-,-
CRMHS00000075134,chr1,111265440,111265838,hg19,chr1,110722818,110723216,hg38,0.95,1,-,-,24670763,-,CAGE,-,FANTOM5,LRIF1,24670763,expression correlation,-,-,-,-,-,-,-,-,-
CRMHS00000137644,chr9,21653394,21653677,hg19,chr9,21653395,21653678,hg38,0.95,1,-,-,24670763,-,CAGE,-,FANTOM5,KLHL9,24670763,expression correlation,-,-,-,-,-,-,-,-,-
CRMHS00000085652,chr11,35347989,35348102,hg19,chr11,35326442,35326555,hg38,0.95,1,-,-,24670763,-,CAGE,-,FANTOM5,-,-,-,-,-,-,-,-,-,-,-,-
CRMHS00000117761,chr3,49275888,49276379,hg19,chr3,49238455,49238946,hg38,0.95,1,-,-,24670763,-,CAGE,-,FANTOM5,AMIGO3,24670763,expression correlation,-,-,-,-,-,-,-,-,-
CRMHS00000115991,chr3,156356152,156356341,hg19,chr3,156638363,156638552,hg38,0.95,1,-,-,24670763,-,CAGE,-,FANTOM5,-,-,-,-,-,-,-,-,-,-,-,-
CRMHS00000088051,chr12,131510828,131511048,hg19,chr12,131026283,131026503,hg38,0.95,1,-,-,24670763,-,CAGE,-,FANTOM5,-,-,-,-,-,-,-,-,-,-,-,-
CRMHS00000118570,chr3,98270793,98270966,hg19,chr3,98551949,98552122,hg38,0.95,1,-,-,24670763,-,CAGE,-,FANTOM5,CLDND1,24670763,expression correlation,-,-,-,-,-,-,-,-,-
CRMHS00000132514,chr7,86275254,86275414,hg19,chr7,86645938,86646098,hg38,0.95,1,-,-,24670763,-,CAGE,-,FANTOM5,ELAPOR2,24670763,expression correlation,-,-,-,-,-,-,-,-,-
CRMHS00000132999,chr8,105760007,105760242,hg19,chr8,104747779,104748014,hg38,0.95,1,-,-,24670763,-,CAGE,-,FANTOM5,DCSTAMP,24670763,expression correlation,-,-,-,-,-,-,-,-,-
CRMHS00000079136,chr1,36617554,36617914,hg19,chr1,36151953,36152313,hg38,0.95,1,-,-,24670763,-,CAGE,-,FANTOM5,STK40,24670763,expression correlation,-,-,-,-,-,-,-,-,-
CRMHS00000079386,chr1,44354357,44354471,hg19,chr1,43888685,43888799,hg38,0.95,1,-,-,24670763,-,CAGE,-,FANTOM5,IPO13,24670763,expression correlation,-,-,-,-,-,-,-,-,-
CRMHS00000104282,chr19,48103581,48103982,hg19,chr19,47600324,47600725,hg38,0.95,1,-,-,24670763,-,CAGE,-,FANTOM5,INAFM1,24670763,expression correlation,-,-,-,-,-,-,-,-,-
CRMHS00000101236,chr17,8323983,8324286,hg19,chr17,8420665,8420968,hg38,0.95,1,-,-,24670763,-,CAGE,-,FANTOM5,PER1,24670763,expression correlation,-,-,-,-,-,-,-,-,-
CRMHS00000136913,chr9,129090797,129090964,hg19,chr9,126328518,126328685,hg38,0.95,1,-,-,24670763,-,CAGE,-,FANTOM5,ZBTB43,24670763,expression correlation,-,-,-,-,-,-,-,-,-
CRMHS00000122781,chr5,148591795,148592037,hg19,chr5,149212232,149212474,hg38,0.95,1,-,-,24670763,-,CAGE,-,FANTOM5,ABLIM3,24670763,expression correlation,-,-,-,-,-,-,-,-,-
CRMHS00000134621,chr8,23655999,23656321,hg19,chr8,23798486,23798808,hg38,0.95,1,-,-,24670763,-,CAGE,-,FANTOM5,STC1,24670763,expression correlation,-,-,-,-,-,-,-,-,-
CRMHS00000133936,chr8,133689212,133689471,hg19,chr8,132676966,132677225,hg38,0.95,1,-,-,24670763,-,CAGE,-,FANTOM5,PHF20L1,24670763,expression correlation,-,-,-,-,-,-,-,-,-
CRMHS00000092310,chr14,21265465,21265591,hg19,chr14,20797306,20797432,hg38,0.95,1,-,-,24670763,-,CAGE,-,FANTOM5,ARHGEF40,24670763,expression correlation,-,-,-,-,-,-,-,-,-
CRMHS00000100016,chr17,58467674,58467818,hg19,chr17,60390313,60390457,hg38,0.95,1,-,-,24670763,-,CAGE,-,FANTOM5,CA4,24670763,expression correlation,-,-,-,-,-,-,-,-,-
CRMHS00000100364,chr17,66817214,66817283,hg19,chr17,68821073,68821142,hg38,0.95,1,-,-,24670763,-,CAGE,-,FANTOM5,-,-,-,-,-,-,-,-,-,-,-,-
CRMHS00000112848,chr21,37222368,37222731,hg19,chr21,35850070,35850433,hg38,0.95,1,-,-,24670763,-,CAGE,-,FANTOM5,MORC3,24670763,expression correlation,-,-,-,-,-,-,-,-,-
CRMHS00000126436,chr6,139841535,139841931,hg19,chr6,139520398,139520794,hg38,0.95,1,-,-,24670763,-,CAGE,-,FANTOM5,HECA,24670763,expression correlation,-,-,-,-,-,-,-,-,-
CRMHS00000109125,chr2,43692800,43693176,hg19,chr2,43465661,43466037,hg38,0.95,1,-,-,24670763,-,CAGE,-,FANTOM5,-,-,-,-,-,-,-,-,-,-,-,-
CRMHS00000131242,chr7,26193570,26193972,hg19,chr7,26153950,26154352,hg38,0.95,1,-,-,24670763,-,CAGE,-,FANTOM5,SNX10,24670763,expression correlation,-,-,-,-,-,-,-,-,-
CRMHS00000101710,chr18,30726019,30726343,hg19,chr18,33146055,33146379,hg38,0.95,1,-,-,24670763,-,CAGE,-,FANTOM5,-,-,-,-,-,-,-,-,-,-,-,-
CRMHS00000106566,chr2,174776201,174776462,hg19,chr2,173911473,173911734,hg38,0.95,1,-,-,24670763,-,CAGE,-,FANTOM5,-,-,-,-,-,-,-,-,-,-,-,-
CRMHS00000105569,chr2,127838302,127838430,hg19,chr2,127080726,127080854,hg38,0.95,1,-,-,24670763,-,CAGE,-,FANTOM5,MAP3K2,24670763,expression correlation,-,-,-,-,-,-,-,-,-
CRMHS00000120235,chr4,21714034,21714408,hg19,chr4,21712411,21712785,hg38,0.95,1,-,-,24670763,-,CAGE,-,FANTOM5,-,-,-,-,-,-,-,-,-,-,-,-
CRMHS00000089594,chr12,71197742,71197870,hg19,chr12,70803962,70804090,hg38,0.95,1,-,-,24670763,-,CAGE,-,FANTOM5,-,-,-,-,-,-,-,-,-,-,-,-
CRMHS00000082983,chr10,6190431,6190630,hg19,chr10,6148468,6148667,hg38,0.95,1,-,-,24670763,-,CAGE,-,FANTOM5,IL15RA,24670763,expression correlation,-,-,-,-,-,-,-,-,-
CRMHS00000094215,chr15,22449488,22449632,hg19,chr15,22161537,22161681,hg38,0.95,1,-,-,24670763,-,CAGE,-,FANTOM5,-,-,-,-,-,-,-,-,-,-,-,-
CRMHS00000078649,chr1,247523464,247523760,hg19,chr1,247360162,247360458,hg38,0.95,1,-,-,24670763,-,CAGE,-,FANTOM5,AHCTF1,24670763,expression correlation,-,-,-,-,-,-,-,-,-
CRMHS00000132722,chr7,96642145,96642338,hg19,chr7,97012833,97013026,hg38,0.95,1,-,-,24670763,-,CAGE,-,FANTOM5,DLX6,24670763,expression correlation,-,-,-,-,-,-,-,-,-
CRMHS00000083897,chr10,91020368,91020477,hg19,chr10,89260611,89260720,hg38,0.95,1,-,-,24670763,-,CAGE,-,FANTOM5,IFIT2,24670763,expression correlation,-,-,-,-,-,-,-,-,-
CRMHS00000098557,chr17,1626372,1626653,hg19,chr17,1723078,1723359,hg38,0.95,1,-,-,24670763,-,CAGE,-,FANTOM5,PITPNA,24670763,expression correlation,-,-,-,-,-,-,-,-,-
CRMHS00000120537,chr4,3836768,3837443,hg19,chr4,3835041,3835716,hg38,0.95,1,-,-,24670763,-,CAGE,-,FANTOM5,-,-,-,-,-,-,-,-,-,-,-,-
CRMHS00000085228,chr11,16457424,16457760,hg19,chr11,16435877,16436213,hg38,0.95,1,-,-,24670763,-,CAGE,-,FANTOM5,SOX6,24670763,expression correlation,-,-,-,-,-,-,-,-,-
CRMHS00000095263,chr15,66162838,66163256,hg19,chr15,65870500,65870918,hg38,0.95,1,-,-,24670763,-,CAGE,-,FANTOM5,-,-,-,-,-,-,-,-,-,-,-,-
CRMHS00000085283,chr11,1863948,1864140,hg19,chr11,1842718,1842910,hg38,0.95,1,-,-,24670763,-,CAGE,-,FANTOM5,IFITM10,24670763,expression correlation,-,-,-,-,-,-,-,-,-
CRMHS00000094290,chr15,26864879,26864942,hg19,chr15,26619732,26619795,hg38,0.95,1,-,-,24670763,-,CAGE,-,FANTOM5,-,-,-,-,-,-,-,-,-,-,-,-
CRMHS00000085935,chr11,5300063,5300226,hg19,chr11,5278833,5278996,hg38,0.95,1,-,-,24670763,-,CAGE,-,FANTOM5,HBD,24670763,expression correlation,-,-,-,-,-,-,-,-,-
CRMHS00000104962,chr2,101944860,101945306,hg19,chr2,101328398,101328844,hg38,0.95,1,-,-,24670763,-,CAGE,-,FANTOM5,RNF149,24670763,expression correlation,-,-,-,-,-,-,-,-,-
CRMHS00000075506,chr1,146624494,146624779,hg19,chr1,147152915,147153200,hg38,0.95,1,-,-,24670763,-,CAGE,-,FANTOM5,CHD1L,24670763,expression correlation,-,-,-,-,-,-,-,-,-
CRMHS00000127959,chr6,30735359,30735715,hg19,chr6,30767582,30767938,hg38,0.95,1,-,-,24670763,-,CAGE,-,FANTOM5,PPP1R18,24670763,expression correlation,-,-,-,-,-,-,-,-,-
CRMHS00000082625,chr10,45453721,45453921,hg19,chr10,44958273,44958473,hg38,0.95,1,-,-,24670763,-,CAGE,-,FANTOM5,ALOX5,24670763,expression correlation,-,-,-,-,-,-,-,-,-
CRMHS00000128023,chr6,32405012,32405514,hg19,chr6,32437235,32437737,hg38,0.95,1,-,-,24670763,-,CAGE,-,FANTOM5,STK19,24670763,expression correlation,-,-,-,-,-,-,-,-,-
CRMHS00000139354,chrX,15871584,15871957,hg19,chrX,15853461,15853834,hg38,0.95,1,-,-,24670763,-,CAGE,-,FANTOM5,ZRSR2,24670763,expression correlation,-,-,-,-,-,-,-,-,-
CRMHS00000089536,chr12,69462130,69462730,hg19,chr12,69068350,69068950,hg38,0.95,1,-,-,24670763,-,CAGE,-,FANTOM5,RAP1B,24670763,expression correlation,-,-,-,-,-,-,-,-,-
CRMHS00000133001,chr8,10591008,10591121,hg19,chr8,10733498,10733611,hg38,0.95,1,-,-,24670763,-,CAGE,-,FANTOM5,RP1L1,24670763,expression correlation,-,-,-,-,-,-,-,-,-
CRMHS00000104480,chr19,52267467,52267945,hg19,chr19,51764214,51764692,hg38,0.95,1,-,-,24670763,-,CAGE,-,FANTOM5,FPR1,24670763,expression correlation,-,-,-,-,-,-,-,-,-
CRMHS00000132723,chr7,96642423,96642668,hg19,chr7,97013111,97013356,hg38,0.95,1,-,-,24670763,-,CAGE,-,FANTOM5,-,-,-,-,-,-,-,-,-,-,-,-
CRMHS00000092620,chr14,36641300,36641610,hg19,chr14,36172094,36172404,hg38,0.95,1,-,-,24670763,-,CAGE,-,FANTOM5,-,-,-,-,-,-,-,-,-,-,-,-
CRMHS00000128055,chr6,32913033,32913520,hg19,chr6,32945256,32945743,hg38,0.95,1,-,-,24670763,-,CAGE,-,FANTOM5,HLA-DRB5,24670763,expression correlation,-,-,-,-,-,-,-,-,-
CRMHS00000080928,chr10,104470539,104470788,hg19,chr10,102710782,102711031,hg38,0.95,1,-,-,24670763,-,CAGE,-,FANTOM5,FBXL15,24670763,expression correlation,-,-,-,-,-,-,-,-,-
CRMHS00000081218,chr10,115441699,115442134,hg19,chr10,113681940,113682375,hg38,0.95,1,-,-,24670763,-,CAGE,-,FANTOM5,CASP7,24670763,expression correlation,-,-,-,-,-,-,-,-,-
CRMHS00000105076,chr2,105275028,105275190,hg19,chr2,104658570,104658732,hg38,0.95,1,-,-,24670763,-,CAGE,-,FANTOM5,-,-,-,-,-,-,-,-,-,-,-,-
CRMHS00000121509,chr4,89299019,89299120,hg19,chr4,88377867,88377968,hg38,0.95,1,-,-,24670763,-,CAGE,-,FANTOM5,-,-,-,-,-,-,-,-,-,-,-,-
CRMHS00000086620,chr11,7600846,7601278,hg19,chr11,7579615,7580047,hg38,0.95,1,-,-,24670763,-,CAGE,-,FANTOM5,-,-,-,-,-,-,-,-,-,-,-,-
CRMHS00000121649,chr5,102847325,102847595,hg19,chr5,103511624,103511894,hg38,0.95,1,-,-,24670763,-,CAGE,-,FANTOM5,-,-,-,-,-,-,-,-,-,-,-,-
CRMHS00000079090,chr1,33926622,33926854,hg19,chr1,33461021,33461253,hg38,0.95,1,-,-,24670763,-,CAGE,-,FANTOM5,RNF19B,24670763,expression correlation,-,-,-,-,-,-,-,-,-
CRMHS00000101085,chr17,79107096,79107396,hg19,chr17,81133296,81133596,hg38,0.95,1,-,-,24670763,-,CAGE,-,FANTOM5,AATK,24670763,expression correlation,-,-,-,-,-,-,-,-,-
CRMHS00000128031,chr6,32555783,32556185,hg19,chr6,32588006,32588408,hg38,0.95,1,-,-,24670763,-,CAGE,-,FANTOM5,HLA-DOA,24670763,expression correlation,-,-,-,-,-,-,-,-,-
CRMHS00000114469,chr22,49843892,49843993,hg19,chr22,49450243,49450344,hg38,0.95,1,-,-,24670763,-,CAGE,-,FANTOM5,-,-,-,-,-,-,-,-,-,-,-,-
CRMHS00000139214,chrX,139809387,139809785,hg19,chrX,140727222,140727620,hg38,0.95,1,-,-,24670763,-,CAGE,-,FANTOM5,-,-,-,-,-,-,-,-,-,-,-,-
CRMHS00000089148,chr12,56434218,56434302,hg19,chr12,56040434,56040518,hg38,0.95,1,-,-,24670763,-,CAGE,-,FANTOM5,OR6C4,24670763,expression correlation,-,-,-,-,-,-,-,-,-
CRMHS00000092636,chr14,37440604,37440817,hg19,chr14,36971399,36971612,hg38,0.95,1,-,-,24670763,-,CAGE,-,FANTOM5,-,-,-,-,-,-,-,-,-,-,-,-
CRMHS00000129323,chr6,86881419,86881652,hg19,chr6,86171701,86171934,hg38,0.95,1,-,-,24670763,-,CAGE,-,FANTOM5,-,-,-,-,-,-,-,-,-,-,-,-
CRMHS00000139187,chrX,135927542,135927922,hg19,chrX,136845383,136845763,hg38,0.95,1,-,-,24670763,-,CAGE,-,FANTOM5,-,-,-,-,-,-,-,-,-,-,-,-
CRMHS00000117008,chr3,195627582,195627903,hg19,chr3,195900711,195901032,hg38,0.95,1,-,-,24670763,-,CAGE,-,FANTOM5,PPP1R2,24670763,expression correlation,-,-,-,-,-,-,-,-,-
CRMHS00000105541,chr2,125517359,125517545,hg19,chr2,124759782,124759968,hg38,0.95,1,-,-,24670763,-,CAGE,-,FANTOM5,-,-,-,-,-,-,-,-,-,-,-,-
CRMHS00000120713,chr4,47467063,47467337,hg19,chr4,47465046,47465320,hg38,0.95,1,-,-,24670763,-,CAGE,-,FANTOM5,-,-,-,-,-,-,-,-,-,-,-,-
CRMHS00000086506,chr11,72546015,72546343,hg19,chr11,72834970,72835298,hg38,0.95,1,-,-,24670763,-,CAGE,-,FANTOM5,FCHSD2,24670763,expression correlation,-,-,-,-,-,-,-,-,-
CRMHS00000105587,chr2,128169566,128169991,hg19,chr2,127411990,127412415,hg38,0.95,1,-,-,24670763,-,CAGE,-,FANTOM5,-,-,-,-,-,-,-,-,-,-,-,-
CRMHS00000078775,chr1,26738740,26738942,hg19,chr1,26412249,26412451,hg38,0.95,1,-,-,24670763,-,CAGE,-,FANTOM5,-,-,-,-,-,-,-,-,-,-,-,-
CRMHS00000101773,chr18,33407474,33407836,hg19,chr18,35827510,35827872,hg38,0.95,1,-,-,24670763,-,CAGE,-,FANTOM5,INO80C,24670763,expression correlation,-,-,-,-,-,-,-,-,-
CRMHS00000096430,chr16,11713232,11713400,hg19,chr16,11619376,11619544,hg38,0.95,1,-,-,24670763,-,CAGE,-,FANTOM5,LITAF,24670763,expression correlation,-,-,-,-,-,-,-,-,-
CRMHS00000075288,chr1,117112460,117112738,hg19,chr1,116569838,116570116,hg38,0.95,1,-,-,24670763,-,CAGE,-,FANTOM5,CD101,24670763,expression correlation,-,-,-,-,-,-,-,-,-
CRMHS00000109779,chr2,69888349,69888615,hg19,chr2,69661217,69661483,hg38,0.95,1,-,-,24670763,-,CAGE,-,FANTOM5,-,-,-,-,-,-,-,-,-,-,-,-
CRMHS00000082001,chr10,22622234,22622399,hg19,chr10,22333305,22333470,hg38,0.95,1,-,-,24670763,-,CAGE,-,FANTOM5,DNAJC1,24670763,expression correlation,-,-,-,-,-,-,-,-,-
CRMHS00000075232,chr1,115055314,115055514,hg19,chr1,114512693,114512893,hg38,0.95,1,-,-,24670763,-,CAGE,-,FANTOM5,-,-,-,-,-,-,-,-,-,-,-,-
CRMHS00000105205,chr2,111615887,111616174,hg19,chr2,110858310,110858597,hg38,0.95,1,-,-,24670763,-,CAGE,-,FANTOM5,RGPD5,24670763,expression correlation,-,-,-,-,-,-,-,-,-
CRMHS00000121144,chr4,76621405,76621540,hg19,chr4,75696221,75696356,hg38,0.95,1,-,-,24670763,-,CAGE,-,FANTOM5,RCHY1,24670763,expression correlation,-,-,-,-,-,-,-,-,-
CRMHS00000119426,chr4,148735623,148735823,hg19,chr4,147814472,147814672,hg38,0.95,1,-,-,24670763,-,CAGE,-,FANTOM5,-,-,-,-,-,-,-,-,-,-,-,-
CRMHS00000123932,chr5,373392,373627,hg19,chr5,373277,373512,hg38,0.95,1,-,-,24670763,-,CAGE,-,FANTOM5,PDCD6,24670763,expression correlation,-,-,-,-,-,-,-,-,-
CRMHS00000120367,chr4,26278028,26278101,hg19,chr4,26276406,26276479,hg38,0.95,1,-,-,24670763,-,CAGE,-,FANTOM5,-,-,-,-,-,-,-,-,-,-,-,-
CRMHS00000080657,chr1,94557832,94558157,hg19,chr1,94092276,94092601,hg38,0.95,1,-,-,24670763,-,CAGE,-,FANTOM5,-,-,-,-,-,-,-,-,-,-,-,-
CRMHS00000117535,chr3,4435847,4436001,hg19,chr3,4394163,4394317,hg38,0.95,1,-,-,24670763,-,CAGE,-,FANTOM5,-,-,-,-,-,-,-,-,-,-,-,-
CRMHS00000084097,chr10,99113804,99114043,hg19,chr10,97354047,97354286,hg38,0.95,1,-,-,24670763,-,CAGE,-,FANTOM5,ZFYVE27,24670763,expression correlation,-,-,-,-,-,-,-,-,-
CRMHS00000136987,chr9,130788146,130788203,hg19,chr9,128025867,128025924,hg38,0.95,1,-,-,24670763,-,CAGE,-,FANTOM5,EEIG1,24670763,expression correlation,-,-,-,-,-,-,-,-,-
CRMHS00000092419,chr14,24986968,24987201,hg19,chr14,24517762,24517995,hg38,0.95,1,-,-,24670763,-,CAGE,-,FANTOM5,CTSG,24670763,expression correlation,-,-,-,-,-,-,-,-,-
CRMHS00000078055,chr1,229166537,229166799,hg19,chr1,229030790,229031052,hg38,0.95,1,-,-,24670763,-,CAGE,-,FANTOM5,CCSAP,24670763,expression correlation,-,-,-,-,-,-,-,-,-
CRMHS00000113248,chr21,45587301,45587635,hg19,chr21,44167418,44167752,hg38,0.95,1,-,-,24670763,-,CAGE,-,FANTOM5,TRPM2,24670763,expression correlation,-,-,-,-,-,-,-,-,-
CRMHS00000136808,chr9,126138103,126138404,hg19,chr9,123375824,123376125,hg38,0.95,1,-,-,24670763,-,CAGE,-,FANTOM5,-,-,-,-,-,-,-,-,-,-,-,-
CRMHS00000118026,chr3,57818713,57819025,hg19,chr3,57832986,57833298,hg38,0.95,1,-,-,24670763,-,CAGE,-,FANTOM5,-,-,-,-,-,-,-,-,-,-,-,-
CRMHS00000132728,chr7,9666155,9666488,hg19,chr7,9626525,9626858,hg38,0.95,1,-,-,24670763,-,CAGE,-,FANTOM5,-,-,-,-,-,-,-,-,-,-,-,-
CRMHS00000117898,chr3,52532822,52533186,hg19,chr3,52498806,52499170,hg38,0.95,1,-,-,24670763,-,CAGE,-,FANTOM5,TWF2,24670763,expression correlation,-,-,-,-,-,-,-,-,-
CRMHS00000127885,chr6,28782096,28782213,hg19,chr6,28814319,28814436,hg38,0.95,1,-,-,24670763,-,CAGE,-,FANTOM5,TRIM27,24670763,expression correlation,-,-,-,-,-,-,-,-,-
CRMHS00000092543,chr14,34407631,34407737,hg19,chr14,33938425,33938531,hg38,0.95,1,-,-,24670763,-,CAGE,-,FANTOM5,-,-,-,-,-,-,-,-,-,-,-,-
CRMHS00000107308,chr2,208153315,208153645,hg19,chr2,207288591,207288921,hg38,0.95,1,-,-,24670763,-,CAGE,-,FANTOM5,-,-,-,-,-,-,-,-,-,-,-,-
CRMHS00000125478,chr6,110093256,110093531,hg19,chr6,109772053,109772328,hg38,0.95,1,-,-,24670763,-,CAGE,-,FANTOM5,FIG4,24670763,expression correlation,-,-,-,-,-,-,-,-,-
CRMHS00000123672,chr5,179892034,179892360,hg19,chr5,180465034,180465360,hg38,0.95,1,-,-,24670763,-,CAGE,-,FANTOM5,-,-,-,-,-,-,-,-,-,-,-,-
CRMHS00000098083,chr16,85473143,85473232,hg19,chr16,85439537,85439626,hg38,0.95,1,-,-,24670763,-,CAGE,-,FANTOM5,-,-,-,-,-,-,-,-,-,-,-,-
CRMHS00000097268,chr16,5474398,5474545,hg19,chr16,5424397,5424544,hg38,0.95,1,-,-,24670763,-,CAGE,-,FANTOM5,-,-,-,-,-,-,-,-,-,-,-,-
CRMHS00000108865,chr2,38265039,38265434,hg19,chr2,38037896,38038291,hg38,0.95,1,-,-,24670763,-,CAGE,-,FANTOM5,CYP1B1,24670763,expression correlation,-,-,-,-,-,-,-,-,-
CRMHS00000105723,chr2,136217422,136217690,hg19,chr2,135459852,135460120,hg38,0.95,1,-,-,24670763,-,CAGE,-,FANTOM5,-,-,-,-,-,-,-,-,-,-,-,-
CRMHS00000114132,chr22,39954931,39955300,hg19,chr22,39558926,39559295,hg38,0.95,1,-,-,24670763,-,CAGE,-,FANTOM5,-,-,-,-,-,-,-,-,-,-,-,-
CRMHS00000137845,chr9,34575663,34576052,hg19,chr9,34575665,34576054,hg38,0.95,1,-,-,24670763,-,CAGE,-,FANTOM5,ENHO,24670763,expression correlation,-,-,-,-,-,-,-,-,-
CRMHS00000100754,chr17,75022942,75022950,hg19,chr17,77026860,77026868,hg38,0.95,1,-,-,24670763,-,CAGE,-,FANTOM5,-,-,-,-,-,-,-,-,-,-,-,-
CRMHS00000127847,chr6,27863298,27863662,hg19,chr6,27895520,27895884,hg38,0.95,1,-,-,24670763,-,CAGE,-,FANTOM5,H2AC16,24670763,expression correlation,-,-,-,-,-,-,-,-,-
CRMHS00000095037,chr15,59530226,59530327,hg19,chr15,59238027,59238128,hg38,0.95,1,-,-,24670763,-,CAGE,-,FANTOM5,RNF111,24670763,expression correlation,-,-,-,-,-,-,-,-,-
CRMHS00000104714,chr19,59058033,59058475,hg19,chr19,58546666,58547108,hg38,0.95,1,-,-,24670763,-,CAGE,-,FANTOM5,-,-,-,-,-,-,-,-,-,-,-,-
CRMHS00000084714,chr11,121915938,121916278,hg19,chr11,122045230,122045570,hg38,0.95,1,-,-,24670763,-,CAGE,-,FANTOM5,-,-,-,-,-,-,-,-,-,-,-,-
CRMHS00000098218,chr16,87759379,87759621,hg19,chr16,87725773,87726015,hg38,0.95,1,-,-,24670763,-,CAGE,-,FANTOM5,JPH3,24670763,expression correlation,-,-,-,-,-,-,-,-,-
CRMHS00000129297,chr6,84931248,84931348,hg19,chr6,84221530,84221630,hg38,0.95,1,-,-,24670763,-,CAGE,-,FANTOM5,-,-,-,-,-,-,-,-,-,-,-,-
CRMHS00000121147,chr4,7674956,7675119,hg19,chr4,7673229,7673392,hg38,0.95,1,-,-,24670763,-,CAGE,-,FANTOM5,-,-,-,-,-,-,-,-,-,-,-,-
CRMHS00000079824,chr1,62119868,62120084,hg19,chr1,61654196,61654412,hg38,0.95,1,-,-,24670763,-,CAGE,-,FANTOM5,-,-,-,-,-,-,-,-,-,-,-,-
CRMHS00000122187,chr5,133270974,133271015,hg19,chr5,133935283,133935324,hg38,0.95,1,-,-,24670763,-,CAGE,-,FANTOM5,-,-,-,-,-,-,-,-,-,-,-,-
CRMHS00000104350,chr19,49836983,49837445,hg19,chr19,49333726,49334188,hg38,0.95,1,-,-,24670763,-,CAGE,-,FANTOM5,IRF3,24670763,expression correlation,-,-,-,-,-,-,-,-,-
CRMHS00000133267,chr8,119395540,119395777,hg19,chr8,118383301,118383538,hg38,0.95,1,-,-,24670763,-,CAGE,-,FANTOM5,EXT1,24670763,expression correlation,-,-,-,-,-,-,-,-,-
CRMHS00000091596,chr13,60207741,60207943,hg19,chr13,59633607,59633809,hg38,0.95,1,-,-,24670763,-,CAGE,-,FANTOM5,-,-,-,-,-,-,-,-,-,-,-,-
CRMHS00000110988,chr20,33236140,33236313,hg19,chr20,34648336,34648509,hg38,0.95,1,-,-,24670763,-,CAGE,-,FANTOM5,MYH7B,24670763,expression correlation,-,-,-,-,-,-,-,-,-
CRMHS00000114008,chr22,37667327,37667623,hg19,chr22,37271286,37271582,hg38,0.95,1,-,-,24670763,-,CAGE,-,FANTOM5,NCF4,24670763,expression correlation,-,-,-,-,-,-,-,-,-
CRMHS00000102927,chr19,1085284,1085426,hg19,chr19,1085285,1085427,hg38,0.95,1,-,-,24670763,-,CAGE,-,FANTOM5,ABCA7,24670763,expression correlation,-,-,-,-,-,-,-,-,-
CRMHS00000099344,chr17,39703962,39704520,hg19,chr17,41547710,41548268,hg38,0.95,1,-,-,24670763,-,CAGE,-,FANTOM5,-,-,-,-,-,-,-,-,-,-,-,-
CRMHS00000128100,chr6,33818239,33818267,hg19,chr6,33850462,33850490,hg38,0.95,1,-,-,24670763,-,CAGE,-,FANTOM5,-,-,-,-,-,-,-,-,-,-,-,-
CRMHS00000078300,chr1,235107452,235107692,hg19,chr1,234971705,234971945,hg38,0.95,1,-,-,24670763,-,CAGE,-,FANTOM5,-,-,-,-,-,-,-,-,-,-,-,-
CRMHS00000122199,chr5,133460352,133460406,hg19,chr5,134124661,134124715,hg38,0.95,1,-,-,24670763,-,CAGE,-,FANTOM5,PPP2CA,24670763,expression correlation,-,-,-,-,-,-,-,-,-
CRMHS00000089861,chr12,85793012,85793355,hg19,chr12,85399234,85399577,hg38,0.95,1,-,-,24670763,-,CAGE,-,FANTOM5,-,-,-,-,-,-,-,-,-,-,-,-
CRMHS00000090331,chr12,9982493,9982805,hg19,chr12,9829897,9830209,hg38,0.95,1,-,-,24670763,-,CAGE,-,FANTOM5,KLRF1,24670763,expression correlation,-,-,-,-,-,-,-,-,-
CRMHS00000111901,chr20,52812299,52812959,hg19,chr20,54195760,54196420,hg38,0.95,1,-,-,24670763,-,CAGE,-,FANTOM5,-,-,-,-,-,-,-,-,-,-,-,-
CRMHS00000091001,chr13,31308709,31309017,hg19,chr13,30734572,30734880,hg38,0.95,1,-,-,24670763,-,CAGE,-,FANTOM5,USPL1,24670763,expression correlation,-,-,-,-,-,-,-,-,-
CRMHS00000087542,chr12,117241332,117241427,hg19,chr12,116803527,116803622,hg38,0.95,1,-,-,24670763,-,CAGE,-,FANTOM5,HRK,24670763,expression correlation,-,-,-,-,-,-,-,-,-
CRMHS00000078155,chr1,231862401,231862670,hg19,chr1,231726655,231726924,hg38,0.95,1,-,-,24670763,-,CAGE,-,FANTOM5,TSNAX,24670763,expression correlation,-,-,-,-,-,-,-,-,-
CRMHS00000075699,chr1,154395894,154396284,hg19,chr1,154423418,154423808,hg38,0.95,1,-,-,24670763,-,CAGE,-,FANTOM5,IL6R,24670763,expression correlation,-,-,-,-,-,-,-,-,-
CRMHS00000115897,chr3,151993494,151994006,hg19,chr3,152275705,152276217,hg38,0.95,1,-,-,24670763,-,CAGE,-,FANTOM5,-,-,-,-,-,-,-,-,-,-,-,-
CRMHS00000095308,chr15,67413336,67413759,hg19,chr15,67120998,67121421,hg38,0.95,1,-,-,24670763,-,CAGE,-,FANTOM5,SMAD3,24670763,expression correlation,-,-,-,-,-,-,-,-,-
CRMHS00000134391,chr8,17708923,17709156,hg19,chr8,17851414,17851647,hg38,0.95,1,-,-,24670763,-,CAGE,-,FANTOM5,MTUS1,24670763,expression correlation,-,-,-,-,-,-,-,-,-
CRMHS00000078889,chr1,28463413,28463582,hg19,chr1,28136902,28137071,hg38,0.95,1,-,-,24670763,-,CAGE,-,FANTOM5,EYA3,24670763,expression correlation,-,-,-,-,-,-,-,-,-
CRMHS00000098783,chr17,25805507,25805777,hg19,chr17,27478481,27478751,hg38,0.95,1,-,-,24670763,-,CAGE,-,FANTOM5,-,-,-,-,-,-,-,-,-,-,-,-
CRMHS00000111735,chr20,50033542,50033860,hg19,chr20,51417005,51417323,hg38,0.95,1,-,-,24670763,-,CAGE,-,FANTOM5,NFATC2,24670763,expression correlation,-,-,-,-,-,-,-,-,-
CRMHS00000135287,chr8,57360424,57360919,hg19,chr8,56447865,56448360,hg38,0.95,1,-,-,24670763,-,CAGE,-,FANTOM5,SDR16C5,24670763,expression correlation,-,-,-,-,-,-,-,-,-
CRMHS00000092418,chr14,24981735,24982034,hg19,chr14,24512529,24512828,hg38,0.95,1,-,-,24670763,-,CAGE,-,FANTOM5,GZMB,24670763,expression correlation,-,-,-,-,-,-,-,-,-
CRMHS00000090342,chr13,100033242,100033451,hg19,chr13,99380988,99381197,hg38,0.95,1,-,-,24670763,-,CAGE,-,FANTOM5,GPR18,24670763,expression correlation,-,-,-,-,-,-,-,-,-
CRMHS00000114636,chr3,103861090,103861239,hg19,chr3,104142246,104142395,hg38,0.95,1,-,-,24670763,-,CAGE,-,FANTOM5,-,-,-,-,-,-,-,-,-,-,-,-
CRMHS00000104802,chr19,7483723,7483869,hg19,chr19,7418837,7418983,hg38,0.95,1,-,-,24670763,-,CAGE,-,FANTOM5,-,-,-,-,-,-,-,-,-,-,-,-
CRMHS00000123459,chr5,17249327,17249860,hg19,chr5,17249218,17249751,hg38,0.95,1,-,-,24670763,-,CAGE,-,FANTOM5,-,-,-,-,-,-,-,-,-,-,-,-
CRMHS00000104104,chr19,44749585,44749846,hg19,chr19,44245432,44245693,hg38,0.95,1,-,-,24670763,-,CAGE,-,FANTOM5,ZNF285,24670763,expression correlation,-,-,-,-,-,-,-,-,-
CRMHS00000113107,chr21,43658296,43659061,hg19,chr21,42238186,42238951,hg38,0.95,1,-,-,24670763,-,CAGE,-,FANTOM5,UMODL1,24670763,expression correlation,-,-,-,-,-,-,-,-,-
CRMHS00000104713,chr19,59050036,59050316,hg19,chr19,58538669,58538949,hg38,0.95,1,-,-,24670763,-,CAGE,-,FANTOM5,MZF1,24670763,expression correlation,-,-,-,-,-,-,-,-,-
CRMHS00000104474,chr19,52243151,52243317,hg19,chr19,51739898,51740064,hg38,0.95,1,-,-,24670763,-,CAGE,-,FANTOM5,SIGLEC10,24670763,expression correlation,-,-,-,-,-,-,-,-,-
CRMHS00000088910,chr12,51327584,51327783,hg19,chr12,50933801,50934000,hg38,0.95,1,-,-,24670763,-,CAGE,-,FANTOM5,-,-,-,-,-,-,-,-,-,-,-,-
CRMHS00000108365,chr2,240386953,240387173,hg19,chr2,239465259,239465479,hg38,0.95,1,-,-,24670763,-,CAGE,-,FANTOM5,-,-,-,-,-,-,-,-,-,-,-,-
CRMHS00000103340,chr19,1942586,1943099,hg19,chr19,1942587,1943100,hg38,0.95,1,-,-,24670763,-,CAGE,-,FANTOM5,OAZ1,24670763,expression correlation,-,-,-,-,-,-,-,-,-
CRMHS00000096937,chr16,29330001,29330382,hg19,chr16,29318680,29319061,hg38,0.95,1,-,-,24670763,-,CAGE,-,FANTOM5,C16orf54,24670763,expression correlation,-,-,-,-,-,-,-,-,-
CRMHS00000102127,chr18,48333504,48333739,hg19,chr18,50807134,50807369,hg38,0.95,1,-,-,24670763,-,CAGE,-,FANTOM5,-,-,-,-,-,-,-,-,-,-,-,-
CRMHS00000129651,chr7,105088667,105088879,hg19,chr7,105448220,105448432,hg38,0.95,1,-,-,24670763,-,CAGE,-,FANTOM5,SRPK2,24670763,expression correlation,-,-,-,-,-,-,-,-,-
CRMHS00000128644,chr6,45542832,45542991,hg19,chr6,45575095,45575254,hg38,0.95,1,-,-,24670763,-,CAGE,-,FANTOM5,-,-,-,-,-,-,-,-,-,-,-,-
CRMHS00000096359,chr16,10965041,10965252,hg19,chr16,10871184,10871395,hg38,0.95,1,-,-,24670763,-,CAGE,-,FANTOM5,NUBP1,24670763,expression correlation,-,-,-,-,-,-,-,-,-
CRMHS00000102654,chr18,74399023,74399139,hg19,chr18,76687066,76687182,hg38,0.95,1,-,-,24670763,-,CAGE,-,FANTOM5,-,-,-,-,-,-,-,-,-,-,-,-
CRMHS00000076309,chr1,172631926,172632270,hg19,chr1,172662786,172663130,hg38,0.95,1,-,-,24670763,-,CAGE,-,FANTOM5,FASLG,24670763,expression correlation,-,-,-,-,-,-,-,-,-
CRMHS00000104892,chr19,9777343,9777681,hg19,chr19,9666667,9667005,hg38,0.95,1,-,-,24670763,-,CAGE,-,FANTOM5,ZNF177,24670763,expression correlation,-,-,-,-,-,-,-,-,-
CRMHS00000136316,chr9,110438365,110438613,hg19,chr9,107676084,107676332,hg38,0.95,1,-,-,24670763,-,CAGE,-,FANTOM5,KLF4,24670763,expression correlation,-,-,-,-,-,-,-,-,-
CRMHS00000134939,chr8,37218787,37219218,hg19,chr8,37361269,37361700,hg38,0.95,1,-,-,24670763,-,CAGE,-,FANTOM5,-,-,-,-,-,-,-,-,-,-,-,-
CRMHS00000138485,chr9,90337110,90337856,hg19,chr9,87722195,87722941,hg38,0.95,1,-,-,24670763,-,CAGE,-,FANTOM5,CTSL,24670763,expression correlation,-,-,-,-,-,-,-,-,-
CRMHS00000122315,chr5,137370531,137370718,hg19,chr5,138034842,138035029,hg38,0.95,1,-,-,24670763,-,CAGE,-,FANTOM5,NME5,24670763,expression correlation,-,-,-,-,-,-,-,-,-
CRMHS00000084801,chr11,123565846,123566237,hg19,chr11,123695138,123695529,hg38,0.95,1,-,-,24670763,-,CAGE,-,FANTOM5,OR8D4,24670763,expression correlation,-,-,-,-,-,-,-,-,-
CRMHS00000083672,chr10,81105192,81105332,hg19,chr10,79345436,79345576,hg38,0.95,1,-,-,24670763,-,CAGE,-,FANTOM5,PPIF,24670763,expression correlation,-,-,-,-,-,-,-,-,-
CRMHS00000087656,chr12,120689817,120690140,hg19,chr12,120252014,120252337,hg38,0.95,1,-,-,24670763,-,CAGE,-,FANTOM5,RAB35,24670763,expression correlation,-,-,-,-,-,-,-,-,-
CRMHS00000098637,chr17,18204448,18204705,hg19,chr17,18301134,18301391,hg38,0.95,1,-,-,24670763,-,CAGE,-,FANTOM5,SMCR8,24670763,expression correlation,-,-,-,-,-,-,-,-,-
CRMHS00000130463,chr7,141371952,141372250,hg19,chr7,141672152,141672450,hg38,0.95,1,-,-,24670763,-,CAGE,-,FANTOM5,CLEC5A,24670763,expression correlation,-,-,-,-,-,-,-,-,-
CRMHS00000140160,chrY,10023047,10023682,hg19,chrY,10185438,10186073,hg38,0.95,1,-,-,24670763,-,CAGE,-,FANTOM5,-,-,-,-,-,-,-,-,-,-,-,-
CRMHS00000105313,chr2,113916006,113916157,hg19,chr2,113158429,113158580,hg38,0.95,1,-,-,24670763,-,CAGE,-,FANTOM5,IL1RN,24670763,expression correlation,-,-,-,-,-,-,-,-,-
CRMHS00000139287,chrX,152742295,152742894,hg19,chrX,153476837,153477436,hg38,0.95,1,-,-,24670763,-,CAGE,-,FANTOM5,-,-,-,-,-,-,-,-,-,-,-,-
CRMHS00000100827,chr17,75769300,75769393,hg19,chr17,77773218,77773311,hg38,0.95,1,-,-,24670763,-,CAGE,-,FANTOM5,-,-,-,-,-,-,-,-,-,-,-,-
CRMHS00000122885,chr5,150403932,150404163,hg19,chr5,151024371,151024602,hg38,0.95,1,-,-,24670763,-,CAGE,-,FANTOM5,-,-,-,-,-,-,-,-,-,-,-,-
CRMHS00000079431,chr1,46008399,46008548,hg19,chr1,45542727,45542876,hg38,0.95,1,-,-,24670763,-,CAGE,-,FANTOM5,AKR1A1,24670763,expression correlation,-,-,-,-,-,-,-,-,-
CRMHS00000084542,chr11,117745558,117745882,hg19,chr11,117874843,117875167,hg38,0.95,1,-,-,24670763,-,CAGE,-,FANTOM5,DSCAML1,24670763,expression correlation,-,-,-,-,-,-,-,-,-
CRMHS00000110576,chr20,1804230,1804388,hg19,chr20,1823584,1823742,hg38,0.95,1,-,-,24670763,-,CAGE,-,FANTOM5,SIRPA,24670763,expression correlation,-,-,-,-,-,-,-,-,-
CRMHS00000122114,chr5,130976279,130976499,hg19,chr5,131640586,131640806,hg38,0.95,1,-,-,24670763,-,CAGE,-,FANTOM5,RAPGEF6,24670763,expression correlation,-,-,-,-,-,-,-,-,-
