crm_ID,orig_chr,orig_start,orig_end,orig_assembly,current_chr,current_start,current_end,current_assembly,minimum_ratio,score,original_ID,crossref,enh_PMID,biosample_name,enh_method,type,source,hgnc_symbol_target_genes,enh2gene_PMID,enh2gene_method,hgnc_symbol_TFs,TFs2enh_PMID,TFs2enh_method,disease,disease_PMID,disease_method,refsnp_ID,mutation_PMID,mutation_method
CRMHS00000122370,chr5,139023017,139023340,hg19,chr5,139643432,139643755,hg38,0.95,1.0,-,-,30247654,JHUCS-1,CAGE,-,HACER,CXXC5,30247654,distance_50kb,-,-,-,-,-,-,-,-,-
CRMHS00000128174,chr6,35570271,35570732,hg19,chr6,35602494,35602955,hg38,0.95,1.0,-,-,30247654,RPMI1788,CAGE,-,HACER,RPL10A,30247654,expression correlation,-,-,-,-,-,-,-,-,-
CRMHS00000131432,chr7,3065152,3065430,hg19,chr7,3025518,3025796,hg38,0.95,1.0,-,-,30247654,DAUDI,CAGE,-,HACER,CARD11,30247654,closest,-,-,-,-,-,-,-,-,-
CRMHS00000080141,chr1,77403313,77403685,hg19,chr1,76937628,76938000,hg38,0.95,1.0,-,-,30247654,LK-2,CAGE,-,HACER,-,-,-,-,-,-,-,-,-,-,-,-
CRMHS00000100659,chr17,73369885,73369909,hg19,chr17,75373804,75373828,hg38,0.95,1.0,-,-,30247654,DS-1,CAGE,-,HACER,-,-,-,-,-,-,-,-,-,-,-,-
CRMHS00000130144,chr7,130013597,130013906,hg19,chr7,130373756,130374065,hg38,0.95,1.0,-,-,30247654,JHOS-2,CAGE,-,HACER,CPA2,30247654,expression correlation,-,-,-,-,-,-,-,-,-
CRMHS00000089390,chr12,65997532,65998101,hg19,chr12,65603752,65604321,hg38,0.95,1.0,-,-,30247654,SNU-387,CAGE,-,HACER,-,30247654,closest,-,-,-,-,-,-,-,-,-
CRMHS00000132265,chr7,73265870,73266203,hg19,chr7,73851540,73851873,hg38,0.95,1.0,-,-,30247654,CACO-2,CAGE,-,HACER,BCL7B,30247654,expression correlation,-,-,-,-,-,-,-,-,-
CRMHS00000084595,chr11,118782911,118783378,hg19,chr11,118912202,118912669,hg38,0.95,1.0,-,-,30247654,COLO 679,CAGE,-,HACER,RNF26,30247654,expression correlation,-,-,-,-,-,-,-,-,-
CRMHS00000098222,chr16,87781357,87781475,hg19,chr16,87747751,87747869,hg38,0.95,1.0,-,-,30247654,KCL-22,CAGE,-,HACER,C16orf95,30247654,expression correlation,-,-,-,-,-,-,-,-,-
CRMHS00007358066,chr6,30760590,30762806,hg19,chr6,30792813,30795029,hg38,0.95,1.0,AE_hg19_GM12878_21924,http://bioinfo.vanderbilt.edu/AE/HACER/detail.php?id=AE_hg19_GM12878_21924,30247654,Skin_Sun_Exposed_Lower_leg,-,-,HACER,HCG20,30247654,-,-,-,-,-,-,-,rs3131056,30247654,overlap
CRMHS00000086232,chr11,65185589,65187086,hg19,chr11,65418118,65419615,hg38,0.95,1.0,-,-,30247654,TT1TKB,CAGE,-,HACER,NEAT1,30247654,closest,-,-,-,-,-,-,-,-,-
CRMHS00000119232,chr4,139960222,139960706,hg19,chr4,139039068,139039552,hg38,0.95,1.0,-,-,30247654,TASK1,CAGE,-,HACER,NOCT,30247654,closest,-,-,-,-,-,-,-,-,-
CRMHS00000121547,chr4,91049597,91049943,hg19,chr4,90128446,90128792,hg38,0.95,1.0,-,-,30247654,Ca9-22,CAGE,-,HACER,SNCA,30247654,closest,-,-,-,-,-,-,-,-,-
CRMHS00000075963,chr1,160639828,160639998,hg19,chr1,160670038,160670208,hg38,0.95,1.0,-,-,30247654,F-36P,CAGE,-,HACER,CD48,30247654,closest,-,-,-,-,-,-,-,-,-
CRMHS00000099699,chr17,48105546,48105721,hg19,chr17,50028182,50028357,hg38,0.95,1.0,-,-,30247654,HS-Os-1,CAGE,-,HACER,DLX3,30247654,distance_50kb,-,-,-,-,-,-,-,-,-
CRMHS00000112740,chr21,34755296,34756154,hg19,chr21,33382990,33383848,hg38,0.95,1.0,-,-,30247654,HuH-28,CAGE,-,HACER,IFNGR2,30247654,closest,-,-,-,-,-,-,-,-,-
CRMHS00000099952,chr17,574639,574965,hg19,chr17,671399,671725,hg38,0.95,1.0,-,-,30247654,Kasumi-6,CAGE,-,HACER,RPS4XP17,30247654,closest,-,-,-,-,-,-,-,-,-
CRMHS00000094893,chr15,52438848,52438958,hg19,chr15,52146651,52146761,hg38,0.95,1.0,-,-,30247654,T98G,CAGE,-,HACER,GNB5,30247654,distance_50kb,-,-,-,-,-,-,-,-,-
CRMHS00000085276,chr11,18426412,18426598,hg19,chr11,18404865,18405051,hg38,0.95,1.0,-,-,30247654,KYM-1,CAGE,-,HACER,-,30247654,distance_50kb,-,-,-,-,-,-,-,-,-
CRMHS00007358075,chr6,32587968,32594708,hg19,chr6,32620191,32626931,hg38,0.95,1.0,AE_hg19_GM12878_21933,http://bioinfo.vanderbilt.edu/AE/HACER/detail.php?id=AE_hg19_GM12878_21933,30247654,Whole_Blood,-,-,HACER,HLA-DRB1,30247654,-,-,-,-,-,-,-,rs9271509,30247654,overlap
CRMHS00000132779,chr7,99962576,99962959,hg19,chr7,100364953,100365336,hg38,0.95,1.0,-,-,30247654,HS-PSS,CAGE,-,HACER,PILRA,30247654,closest,-,-,-,-,-,-,-,-,-
CRMHS00000077531,chr1,212661846,212662402,hg19,chr1,212488504,212489060,hg38,0.95,1.0,-,-,30247654,HOKUG,CAGE,-,HACER,NENF,30247654,closest,-,-,-,-,-,-,-,-,-
CRMHS00000123228,chr5,16715199,16715528,hg19,chr5,16715090,16715419,hg38,0.95,1.0,-,-,30247654,TEN,CAGE,-,HACER,-,-,-,-,-,-,-,-,-,-,-,-
CRMHS00000130845,chr7,158167398,158167566,hg19,chr7,158374706,158374874,hg38,0.95,1.0,-,-,30247654,HuCCT1,CAGE,-,HACER,PTPRN2,30247654,closest,-,-,-,-,-,-,-,-,-
CRMHS00000110213,chr2,8743061,8743194,hg19,chr2,8602931,8603064,hg38,0.95,1.0,-,-,30247654,K562 ENCODE,CAGE,-,HACER,-,-,-,-,-,-,-,-,-,-,-,-
CRMHS00000079041,chr1,33182280,33182513,hg19,chr1,32716679,32716912,hg38,0.95,1.0,-,-,30247654,NCI-H727,CAGE,-,HACER,NHSL3,30247654,expression correlation,-,-,-,-,-,-,-,-,-
CRMHS00000116384,chr3,172423916,172424228,hg19,chr3,172706126,172706438,hg38,0.95,1.0,-,-,30247654,SKM-1,CAGE,-,HACER,NCEH1,30247654,closest,-,-,-,-,-,-,-,-,-
CRMHS00000093004,chr14,58544876,58545175,hg19,chr14,58078158,58078457,hg38,0.95,1.0,-,-,30247654,OS-RC-2,CAGE,-,HACER,UBA52P3,30247654,closest,-,-,-,-,-,-,-,-,-
CRMHS00000092840,chr14,52492753,52493004,hg19,chr14,52026035,52026286,hg38,0.95,1.0,-,-,30247654,ONS-76,CAGE,-,HACER,RTRAF,30247654,distance_50kb,-,-,-,-,-,-,-,-,-
CRMHS00000133280,chr8,119808728,119809168,hg19,chr8,118796489,118796929,hg38,0.95,1.0,-,-,30247654,ECC10,CAGE,-,HACER,TNFRSF11B,30247654,expression correlation,-,-,-,-,-,-,-,-,-
CRMHS00000096679,chr16,20863043,20863195,hg19,chr16,20851721,20851873,hg38,0.95,1.0,-,-,30247654,Mero-14,CAGE,-,HACER,DCUN1D3,30247654,distance_50kb,-,-,-,-,-,-,-,-,-
CRMHS00000079340,chr1,43402214,43402581,hg19,chr1,42936543,42936910,hg38,0.95,1.0,-,-,30247654,Hs 925.T,CAGE,-,HACER,SLC2A1,30247654,closest,-,-,-,-,-,-,-,-,-
CRMHS00000115098,chr3,121783086,121783706,hg19,chr3,122064239,122064859,hg38,0.95,1.0,-,-,30247654,EoL-3,CAGE,-,HACER,CD86,30247654,expression correlation,-,-,-,-,-,-,-,-,-
CRMHS00000127538,chr6,17614611,17614952,hg19,chr6,17614380,17614721,hg38,0.95,1.0,-,-,30247654,Mero-95,CAGE,-,HACER,NUP153,30247654,expression correlation,-,-,-,-,-,-,-,-,-
CRMHS00000096741,chr16,23291084,23291445,hg19,chr16,23279763,23280124,hg38,0.95,1.0,-,-,30247654,MS-1,CAGE,-,HACER,SCNN1B,30247654,closest,-,-,-,-,-,-,-,-,-
CRMHS00000092392,chr14,24008139,24008541,hg19,chr14,23538930,23539332,hg38,0.95,1.0,-,-,30247654,HTMMT,CAGE,-,HACER,ZFHX2,30247654,distance_50kb,-,-,-,-,-,-,-,-,-
CRMHS00000114136,chr22,40228787,40228973,hg19,chr22,39832782,39832968,hg38,0.95,1.0,-,-,30247654,KU812,CAGE,-,HACER,SYNGR1,30247654,expression correlation,-,-,-,-,-,-,-,-,-
CRMHS00000083128,chr10,65016713,65017097,hg19,chr10,63256953,63257337,hg38,0.95,1.0,-,-,30247654,NCI-H28,CAGE,-,HACER,NRBF2,30247654,closest,-,-,-,-,-,-,-,-,-
CRMHS00000094832,chr15,50995097,50995499,hg19,chr15,50702900,50703302,hg38,0.95,1.0,-,-,30247654,BALL-1,CAGE,-,HACER,TRPM7,30247654,closest,-,-,-,-,-,-,-,-,-
CRMHS00000114016,chr22,37703673,37703847,hg19,chr22,37307632,37307806,hg38,0.95,1.0,-,-,30247654,TM-31,CAGE,-,HACER,CYTH4,30247654,expression correlation,-,-,-,-,-,-,-,-,-
CRMHS00000134705,chr8,27192227,27192436,hg19,chr8,27334710,27334919,hg38,0.95,1.0,-,-,30247654,MV-4-11,CAGE,-,HACER,PTK2B,30247654,distance_50kb,-,-,-,-,-,-,-,-,-
CRMHS00000080046,chr1,70691921,70692281,hg19,chr1,70226238,70226598,hg38,0.95,1.0,-,-,30247654,D283 Med,CAGE,-,HACER,-,30247654,closest,-,-,-,-,-,-,-,-,-
CRMHS00000124995,chr5,86649300,86650123,hg19,chr5,87353483,87354306,hg38,0.95,1.0,-,-,30247654,PC-3,CAGE,-,HACER,CCNH,30247654,closest,-,-,-,-,-,-,-,-,-
CRMHS00000131801,chr7,45040907,45041213,hg19,chr7,45001308,45001614,hg38,0.95,1.0,AE_hg19_GM12878-ENCODE_505685,http://bioinfo.vanderbilt.edu/AE/HACER/detail.php?id=AE_hg19_GM12878-ENCODE_505685,30247654,Esophagus_Muscularis,-,-,HACER,CCM2,30247654,-,-,-,-,-,-,-,rs4720488,30247654,overlap
CRMHS00000102573,chr18,7116326,7116685,hg19,chr18,7116327,7116686,hg38,0.95,1.0,-,-,30247654,MIA Paca2,CAGE,-,HACER,-,-,-,-,-,-,-,-,-,-,-,-
CRMHS00000075101,chr1,110810528,110810781,hg19,chr1,110267906,110268159,hg38,0.95,1.0,-,-,30247654,HPB-ALL,CAGE,-,HACER,KCNC4,30247654,closest,-,-,-,-,-,-,-,-,-
CRMHS00000139516,chrX,30639363,30639574,hg19,chrX,30621246,30621457,hg38,0.95,1.0,-,-,30247654,Ki-JK,CAGE,-,HACER,FTLP2,30247654,distance_50kb,-,-,-,-,-,-,-,-,-
CRMHS00000099320,chr17,39066622,39066986,hg19,chr17,40910370,40910734,hg38,0.95,1.0,-,-,30247654,KLM-1,CAGE,-,HACER,KRTAP1-5,30247654,expression correlation,-,-,-,-,-,-,-,-,-
CRMHS00000128026,chr6,32430540,32430779,hg19,chr6,32462763,32463002,hg38,0.95,1.0,AE_hg19_GM12878-ENCODE_504506,http://bioinfo.vanderbilt.edu/AE/HACER/detail.php?id=AE_hg19_GM12878-ENCODE_504506,30247654,Lung,-,-,HACER,CYP21A1P,30247654,-,-,-,-,-,-,-,rs7766843,30247654,overlap
CRMHS00000087985,chr12,12872470,12873013,hg19,chr12,12719536,12720079,hg38,0.95,1.0,-,-,30247654,Kato III,CAGE,-,HACER,APOLD1,30247654,distance_50kb,-,-,-,-,-,-,-,-,-
CRMHS00000078978,chr1,31627566,31627958,hg19,chr1,31154719,31155111,hg38,0.95,1.0,-,-,30247654,JHUEM-1,CAGE,-,HACER,NKAIN1,30247654,expression correlation,-,-,-,-,-,-,-,-,-
CRMHS00000134313,chr8,145558616,145559185,hg19,chr8,144334954,144335523,hg38,0.95,1.0,-,-,30247654,HelaS3 ENCODE,CAGE,-,HACER,HSF1,30247654,distance_50kb,-,-,-,-,-,-,-,-,-
CRMHS00000078796,chr1,27191386,27191927,hg19,chr1,26864895,26865436,hg38,0.95,1.0,-,-,30247654,MDA-MB-453,CAGE,-,HACER,RPS6KA1,30247654,expression correlation,-,-,-,-,-,-,-,-,-
CRMHS00000133286,chr8,119921281,119921551,hg19,chr8,118909042,118909312,hg38,0.95,1.0,-,-,30247654,NCI-H226,CAGE,-,HACER,RPS26P35,30247654,closest,-,-,-,-,-,-,-,-,-
CRMHS00000110123,chr2,85664544,85665596,hg19,chr2,85437421,85438473,hg38,0.95,1.0,-,-,30247654,HuT 102 TIB-162,CAGE,-,HACER,CAPG,30247654,distance_50kb,-,-,-,-,-,-,-,-,-
CRMHS00000094833,chr15,51169242,51169420,hg19,chr15,50877045,50877223,hg38,0.95,1.0,-,-,30247654,DMS 144,CAGE,-,HACER,-,-,-,-,-,-,-,-,-,-,-,-
CRMHS00000122342,chr5,138258617,138258897,hg19,chr5,138922928,138923208,hg38,0.95,1.0,AE_hg19_GM12878-ENCODE_503764,http://bioinfo.vanderbilt.edu/AE/HACER/detail.php?id=AE_hg19_GM12878-ENCODE_503764,30247654,Adipose_Subcutaneous,-,-,HACER,CTNNA1,30247654,-,-,-,-,-,-,-,rs2351463,30247654,overlap
CRMHS00000096580,chr16,163381,163878,hg19,chr16,113382,113879,hg38,0.95,1.0,AE_hg19_GM12878-ENCODE_496079,http://bioinfo.vanderbilt.edu/AE/HACER/detail.php?id=AE_hg19_GM12878-ENCODE_496079,30247654,Artery_Aorta,-,-,HACER,NPRL3,30247654,-,-,-,-,-,-,-,rs11248850,30247654,overlap
CRMHS00000093050,chr14,60679186,60679974,hg19,chr14,60212468,60213256,hg38,0.95,1.0,-,-,30247654,KU-SN,CAGE,-,HACER,-,-,-,-,-,-,-,-,-,-,-,-
CRMHS00000138152,chr9,73033763,73035382,hg19,chr9,70418847,70420466,hg38,0.95,1.0,-,-,30247654,NEC14,CAGE,-,HACER,KLF9,30247654,distance_50kb,-,-,-,-,-,-,-,-,-
CRMHS00000123377,chr5,171602273,171602685,hg19,chr5,172175269,172175681,hg38,0.95,1.0,-,-,30247654,Kasumi-3,CAGE,-,HACER,STK10,30247654,closest,-,-,-,-,-,-,-,-,-
CRMHS00000086489,chr11,72381210,72381586,hg19,chr11,72670166,72670542,hg38,0.95,1.0,-,-,30247654,NH-12,CAGE,-,HACER,-,-,-,-,-,-,-,-,-,-,-,-
CRMHS00000089157,chr12,56876109,56876291,hg19,chr12,56482325,56482507,hg38,0.95,1.0,-,-,30247654,NEC15,CAGE,-,HACER,TIMELESS,30247654,distance_50kb,-,-,-,-,-,-,-,-,-
CRMHS00000106217,chr2,159996824,159997456,hg19,chr2,159140313,159140945,hg38,0.95,1.0,-,-,30247654,RAJI,CAGE,-,HACER,WDSUB1,30247654,closest,-,-,-,-,-,-,-,-,-
CRMHS00000103077,chr19,13975574,13976059,hg19,chr19,13864760,13865245,hg38,0.95,1.0,-,-,30247654,G-401,CAGE,-,HACER,CC2D1A,30247654,expression correlation,-,-,-,-,-,-,-,-,-
CRMHS00000083435,chr10,75004761,75005017,hg19,chr10,73245003,73245259,hg38,0.95,1.0,-,-,30247654,JMSU1,CAGE,-,HACER,-,30247654,distance_50kb,-,-,-,-,-,-,-,-,-
CRMHS00000129695,chr7,106206962,106207238,hg19,chr7,106566516,106566792,hg38,0.95,1.0,-,-,30247654,T3M-3,CAGE,-,HACER,-,-,-,-,-,-,-,-,-,-,-,-
CRMHS00000094656,chr15,42226984,42227301,hg19,chr15,41934786,41935103,hg38,0.95,1.0,-,-,30247654,HS-ES-1,CAGE,-,HACER,VPS39,30247654,expression correlation,-,-,-,-,-,-,-,-,-
CRMHS00000104158,chr19,45931993,45932316,hg19,chr19,45428735,45429058,hg38,0.95,1.0,-,-,30247654,SKG-II-SF,CAGE,-,HACER,POLR1G,30247654,distance_50kb,-,-,-,-,-,-,-,-,-
CRMHS00000129604,chr7,102790674,102790901,hg19,chr7,103150227,103150454,hg38,0.95,1.0,-,-,30247654,MLMA,CAGE,-,HACER,-,-,-,-,-,-,-,-,-,-,-,-
CRMHS00000103847,chr19,39149253,39149575,hg19,chr19,38658613,38658935,hg38,0.95,1.0,-,-,30247654,Lu99B,CAGE,-,HACER,C19orf33,30247654,expression correlation,-,-,-,-,-,-,-,-,-
CRMHS00000112242,chr20,62726888,62727073,hg19,chr20,64095535,64095720,hg38,0.95,1.0,-,-,30247654,HuH-6,CAGE,-,HACER,ZNF512B,30247654,distance_50kb,-,-,-,-,-,-,-,-,-
CRMHS00000108437,chr2,242702443,242702859,hg19,chr2,241763028,241763444,hg38,0.95,1.0,-,-,30247654,NBsusSR,CAGE,-,HACER,D2HGDH,30247654,closest,-,-,-,-,-,-,-,-,-
CRMHS00000119716,chr4,164486081,164486094,hg19,chr4,163564929,163564942,hg38,0.95,1.0,-,-,30247654,NCI-H358,CAGE,-,HACER,MARCHF1,30247654,expression correlation,-,-,-,-,-,-,-,-,-
CRMHS00000090053,chr12,92517978,92518398,hg19,chr12,92124202,92124622,hg38,0.95,1.0,-,-,30247654,Jurkat,CAGE,-,HACER,BTG1,30247654,distance_50kb,-,-,-,-,-,-,-,-,-
CRMHS00000102098,chr18,46733107,46733359,hg19,chr18,49206737,49206989,hg38,0.95,1.0,-,-,30247654,FU-RPNT-1,CAGE,-,HACER,-,-,-,-,-,-,-,-,-,-,-,-
CRMHS00007358075,chr6,32587968,32594708,hg19,chr6,32620191,32626931,hg38,0.95,1.0,AE_hg19_GM12878_21933,http://bioinfo.vanderbilt.edu/AE/HACER/detail.php?id=AE_hg19_GM12878_21933,30247654,Skin_Not_Sun_Exposed_Suprapubic,-,-,HACER,HLA-DQB1,30247654,-,-,-,-,-,-,-,rs764386922,30247654,overlap
CRMHS00000088659,chr12,42598855,42599145,hg19,chr12,42205053,42205343,hg38,0.95,1.0,AE_hg19_GM12878-ENCODE_493693,http://bioinfo.vanderbilt.edu/AE/HACER/detail.php?id=AE_hg19_GM12878-ENCODE_493693,30247654,Muscle_Skeletal,-,-,HACER,PPHLN1,30247654,-,-,-,-,-,-,-,rs10880268,30247654,overlap
CRMHS00000131481,chr7,33943577,33943776,hg19,chr7,33903965,33904164,hg38,0.95,1.0,-,-,30247654,PA-1,CAGE,-,HACER,BMPER,30247654,closest,-,-,-,-,-,-,-,-,-
CRMHS00000110504,chr20,14266623,14266907,hg19,chr20,14285977,14286261,hg38,0.95,1.0,-,-,30247654,FU-RPNT-2,CAGE,-,HACER,-,-,-,-,-,-,-,-,-,-,-,-
CRMHS00000087065,chr11,9770028,9770265,hg19,chr11,9748481,9748718,hg38,0.95,1.0,-,-,30247654,CTB-1,CAGE,-,HACER,-,-,-,-,-,-,-,-,-,-,-,-
CRMHS00000120016,chr4,184387095,184387281,hg19,chr4,183465942,183466128,hg38,0.95,1.0,-,-,30247654,8305C,CAGE,-,HACER,CDKN2AIP,30247654,expression correlation,-,-,-,-,-,-,-,-,-
CRMHS00000096965,chr16,30645556,30645885,hg19,chr16,30634235,30634564,hg38,0.95,1.0,-,-,30247654,NCI-H460,CAGE,-,HACER,PRR14,30247654,distance_50kb,-,-,-,-,-,-,-,-,-
CRMHS00000085446,chr11,28128920,28129110,hg19,chr11,28107373,28107563,hg38,0.95,1.0,-,-,30247654,HEPM,CAGE,-,HACER,KIF18A,30247654,closest,-,-,-,-,-,-,-,-,-
CRMHS00000138111,chr9,71795556,71796114,hg19,chr9,69180640,69181198,hg38,0.95,1.0,-,-,30247654,LU65,CAGE,-,HACER,-,-,-,-,-,-,-,-,-,-,-,-
CRMHS00000126301,chr6,137558937,137559207,hg19,chr6,137237800,137238070,hg38,0.95,1.0,-,-,30247654,ACC-MESO-4,CAGE,-,HACER,IFNGR1,30247654,closest,-,-,-,-,-,-,-,-,-
CRMHS00000111567,chr20,48317219,48317517,hg19,chr20,49700682,49700980,hg38,0.95,1.0,-,-,30247654,ECC12,CAGE,-,HACER,RNF114,30247654,expression correlation,-,-,-,-,-,-,-,-,-
CRMHS00000131301,chr7,27774829,27775014,hg19,chr7,27735210,27735395,hg38,0.95,1.0,-,-,30247654,IM95m,CAGE,-,HACER,TAX1BP1,30247654,distance_50kb,-,-,-,-,-,-,-,-,-
CRMHS00000078038,chr1,228917012,228917506,hg19,chr1,228781265,228781759,hg38,0.95,1.0,-,-,30247654,Y79,CAGE,-,HACER,RHOU,30247654,expression correlation,-,-,-,-,-,-,-,-,-
CRMHS00000100951,chr17,77117014,77117407,hg19,chr17,79120932,79121325,hg38,0.95,1.0,-,-,30247654,NCI-H82,CAGE,-,HACER,ENGASE,30247654,distance_50kb,-,-,-,-,-,-,-,-,-
CRMHS00000100932,chr17,76801462,76801678,hg19,chr17,78805380,78805596,hg38,0.95,1.0,-,-,30247654,K562,CAGE,-,HACER,CYTH1,30247654,expression correlation,-,-,-,-,-,-,-,-,-
CRMHS00007358072,chr6,32438338,32443278,hg19,chr6,32470561,32475501,hg38,0.95,1.0,AE_hg19_GM12878_21930,http://bioinfo.vanderbilt.edu/AE/HACER/detail.php?id=AE_hg19_GM12878_21930,30247654,Esophagus_Mucosa,-,-,HACER,HLA-DRB6,30247654,-,-,-,-,-,-,-,rs9405109,30247654,overlap
CRMHS00000109496,chr2,6091756,6092149,hg19,chr2,5951624,5952017,hg38,0.95,1.0,-,-,30247654,WA-hT,CAGE,-,HACER,SILC1,30247654,distance_50kb,-,-,-,-,-,-,-,-,-
CRMHS00000085183,chr11,14356156,14356413,hg19,chr11,14334610,14334867,hg38,0.95,1.0,-,-,30247654,A172,CAGE,-,HACER,RRAS2,30247654,closest,-,-,-,-,-,-,-,-,-
CRMHS00000096144,chr15,93374780,93375598,hg19,chr15,92831550,92832368,hg38,0.95,1.0,-,-,30247654,NOR-P1,CAGE,-,HACER,-,-,-,-,-,-,-,-,-,-,-,-
CRMHS00000086311,chr11,6676048,6676412,hg19,chr11,6654817,6655181,hg38,0.95,1.0,-,-,30247654,MKN1,CAGE,-,HACER,MRPL17,30247654,distance_50kb,-,-,-,-,-,-,-,-,-
CRMHS00000107488,chr2,216948718,216948931,hg19,chr2,216083995,216084208,hg38,0.95,1.0,-,-,30247654,HepG2 ENCODE,CAGE,-,HACER,XRCC5,30247654,distance_50kb,-,-,-,-,-,-,-,-,-
CRMHS00000109744,chr2,69035170,69035391,hg19,chr2,68808038,68808259,hg38,0.95,1.0,-,-,30247654,5637,CAGE,-,HACER,APLF,30247654,expression correlation,-,-,-,-,-,-,-,-,-
CRMHS00000092403,chr14,24454112,24454320,hg19,chr14,23984903,23985111,hg38,0.95,1.0,-,-,30247654,HS-SY-II,CAGE,-,HACER,DHRS4L2,30247654,expression correlation,-,-,-,-,-,-,-,-,-
CRMHS00000132091,chr7,5638553,5639025,hg19,chr7,5598922,5599394,hg38,0.95,1.0,-,-,30247654,HEK293,CAGE,-,HACER,FSCN1,30247654,closest,-,-,-,-,-,-,-,-,-
CRMHS00000077859,chr1,22345590,22345859,hg19,chr1,22019097,22019366,hg38,0.95,1.0,-,-,30247654,HYT-1,CAGE,-,HACER,CDC42,30247654,distance_50kb,-,-,-,-,-,-,-,-,-
CRMHS00000116425,chr3,17506581,17506846,hg19,chr3,17465089,17465354,hg38,0.95,1.0,-,-,30247654,Mero-48a,CAGE,-,HACER,TBC1D5,30247654,expression correlation,-,-,-,-,-,-,-,-,-
CRMHS00000104688,chr19,58315114,58315751,hg19,chr19,57803746,57804383,hg38,0.95,1.0,AE_hg19_GM12878-ENCODE_498774,http://bioinfo.vanderbilt.edu/AE/HACER/detail.php?id=AE_hg19_GM12878-ENCODE_498774,30247654,Testis,-,-,HACER,ZNF552,30247654,-,-,-,-,-,-,-,rs2802,30247654,overlap
CRMHS00000123929,chr5,37272795,37272956,hg19,chr5,37272693,37272854,hg38,0.95,1.0,-,-,30247654,OMC-9,CAGE,-,HACER,-,-,-,-,-,-,-,-,-,-,-,-
CRMHS00000126493,chr6,14138760,14138894,hg19,chr6,14138529,14138663,hg38,0.95,1.0,-,-,30247654,TFK-1,CAGE,-,HACER,RANBP9,30247654,closest,-,-,-,-,-,-,-,-,-
CRMHS00000090106,chr12,93320988,93321201,hg19,chr12,92927212,92927425,hg38,0.95,1.0,-,-,30247654,ARH-77,CAGE,-,HACER,-,-,-,-,-,-,-,-,-,-,-,-
CRMHS00000131696,chr7,41843959,41843969,hg19,chr7,41804361,41804371,hg38,0.95,1.0,-,-,30247654,MEG-A2,CAGE,-,HACER,C7orf25,30247654,closest,-,-,-,-,-,-,-,-,-
CRMHS00000120263,chr4,2365260,2365459,hg19,chr4,2363533,2363732,hg38,0.95,1.0,-,-,30247654,Mero-83,CAGE,-,HACER,ZFYVE28,30247654,closest,-,-,-,-,-,-,-,-,-
CRMHS00000100445,chr17,6925152,6925653,hg19,chr17,7021833,7022334,hg38,0.95,1.0,-,-,30247654,TUHR10TKB,CAGE,-,HACER,PLSCR3,30247654,expression correlation,-,-,-,-,-,-,-,-,-
CRMHS00000104163,chr19,45946690,45947113,hg19,chr19,45443432,45443855,hg38,0.95,1.0,-,-,30247654,P31,CAGE,-,HACER,CLASRP,30247654,expression correlation,-,-,-,-,-,-,-,-,-
CRMHS00007334521,chr10,29327395,29329982,hg19,chr10,29038466,29041053,hg38,0.95,1.0,-,-,30247654,-,-,-,HACER,-,-,-,-,-,-,-,-,-,-,-,-
CRMHS00007357277,chr2,46760679,46766552,hg19,chr2,46533540,46539413,hg38,0.95,1.0,AE_hg19_GM12878_21135,http://bioinfo.vanderbilt.edu/AE/HACER/detail.php?id=AE_hg19_GM12878_21135,30247654,Colon_Transverse,-,-,HACER,ATP6V1E2,30247654,-,-,-,-,-,-,-,rs60154242,30247654,overlap
CRMHS00000094153,chr15,101261253,101261648,hg19,chr15,100721048,100721443,hg38,0.95,1.0,-,-,30247654,Mero-82,CAGE,-,HACER,-,-,-,-,-,-,-,-,-,-,-,-
CRMHS00000082819,chr10,5333644,5334212,hg19,chr10,5291681,5292249,hg38,0.95,1.0,-,-,30247654,U-937 DE-4,CAGE,-,HACER,AKR1C3,30247654,closest,-,-,-,-,-,-,-,-,-
CRMHS00000079172,chr1,3817648,3818071,hg19,chr1,3901084,3901507,hg38,0.95,1.0,-,-,30247654,JHOC-5,CAGE,-,HACER,C1orf174,30247654,distance_50kb,-,-,-,-,-,-,-,-,-
CRMHS00000116385,chr3,172467147,172467552,hg19,chr3,172749357,172749762,hg38,0.95,1.0,-,-,30247654,TGBC18TKB,CAGE,-,HACER,NCEH1,30247654,distance_50kb,-,-,-,-,-,-,-,-,-
CRMHS00000100172,chr17,62773066,62773435,hg19,chr17,64776948,64777317,hg38,0.95,1.0,-,-,30247654,KHM-5M,CAGE,-,HACER,-,-,-,-,-,-,-,-,-,-,-,-
CRMHS00000114039,chr22,38142899,38142964,hg19,chr22,37746892,37746957,hg38,0.95,1.0,-,-,30247654,GCT TIB-223,CAGE,-,HACER,ANKRD54,30247654,expression correlation,-,-,-,-,-,-,-,-,-
CRMHS00000078983,chr1,31770743,31770927,hg19,chr1,31297896,31298080,hg38,0.95,1.0,-,-,30247654,KHYG-1,CAGE,-,HACER,-,-,-,-,-,-,-,-,-,-,-,-
CRMHS00000099436,chr17,42173050,42173151,hg19,chr17,44095682,44095783,hg38,0.95,1.0,-,-,30247654,ITO-II,CAGE,-,HACER,LSM12,30247654,distance_50kb,-,-,-,-,-,-,-,-,-
CRMHS00000128912,chr6,6008887,6009261,hg19,chr6,6008654,6009028,hg38,0.95,1.0,-,-,30247654,NCI-H441,CAGE,-,HACER,NRN1,30247654,expression correlation,-,-,-,-,-,-,-,-,-
CRMHS00000095658,chr15,75939210,75939595,hg19,chr15,75646869,75647254,hg38,0.95,1.0,-,-,30247654,D98-AH2,CAGE,-,HACER,SNX33,30247654,distance_50kb,-,-,-,-,-,-,-,-,-
CRMHS00000098822,chr17,26718724,26718918,hg19,chr17,28391705,28391899,hg38,0.95,1.0,-,-,30247654,ECC4,CAGE,-,HACER,SLC46A1,30247654,closest,-,-,-,-,-,-,-,-,-
CRMHS00000126964,chr6,155429024,155429129,hg19,chr6,155107890,155107995,hg38,0.95,1.0,-,-,30247654,NCR-G1,CAGE,-,HACER,-,-,-,-,-,-,-,-,-,-,-,-
CRMHS00000111606,chr20,48717588,48717974,hg19,chr20,50101051,50101437,hg38,0.95,1.0,-,-,30247654,RPMI 2650,CAGE,-,HACER,-,-,-,-,-,-,-,-,-,-,-,-
CRMHS00000084586,chr11,11864878,11865300,hg19,chr11,11843331,11843753,hg38,0.95,1.0,-,-,30247654,HCC1806,CAGE,-,HACER,USP47,30247654,distance_50kb,-,-,-,-,-,-,-,-,-
CRMHS00000096449,chr16,11968147,11968344,hg19,chr16,11874290,11874487,hg38,0.95,1.0,-,-,30247654,HNT-34,CAGE,-,HACER,GSPT1,30247654,distance_50kb,-,-,-,-,-,-,-,-,-
CRMHS00000134329,chr8,146125688,146125902,hg19,chr8,144900303,144900517,hg38,0.95,1.0,-,-,30247654,JHOM-1,CAGE,-,HACER,ZNF250,30247654,distance_50kb,-,-,-,-,-,-,-,-,-
CRMHS00000103147,chr19,15310768,15311119,hg19,chr19,15199957,15200308,hg38,0.95,1.0,-,-,30247654,A431,CAGE,-,HACER,NOTCH3,30247654,distance_50kb,-,-,-,-,-,-,-,-,-
CRMHS00000091201,chr13,41624170,41624528,hg19,chr13,41050034,41050392,hg38,0.95,1.0,-,-,30247654,TC-YIK,CAGE,-,HACER,NAA16,30247654,expression correlation,-,-,-,-,-,-,-,-,-
CRMHS00000135673,chr8,75515244,75515546,hg19,chr8,74603009,74603311,hg38,0.95,1.0,-,-,30247654,TGBC14TKB,CAGE,-,HACER,-,30247654,distance_50kb,-,-,-,-,-,-,-,-,-
CRMHS00000081504,chr10,126397729,126397974,hg19,chr10,124709160,124709405,hg38,0.95,1.0,-,-,30247654,Detroit 562,CAGE,-,HACER,FAM53B,30247654,distance_50kb,-,-,-,-,-,-,-,-,-
CRMHS00000085975,chr11,57549936,57550183,hg19,chr11,57782464,57782711,hg38,0.95,1.0,-,-,30247654,NB-1,CAGE,-,HACER,CTNND1,30247654,closest,-,-,-,-,-,-,-,-,-
CRMHS00000102962,chr19,11592904,11593323,hg19,chr19,11482089,11482508,hg38,0.95,1.0,-,-,30247654,MCF7,CAGE,-,HACER,ODAD3,30247654,distance_50kb,-,-,-,-,-,-,-,-,-
CRMHS00000098683,chr17,1987683,1987948,hg19,chr17,2084389,2084654,hg38,0.95,1.0,-,-,30247654,EC-GI-10,CAGE,-,HACER,HIC1,30247654,expression correlation,-,-,-,-,-,-,-,-,-
CRMHS00000110944,chr20,31373290,31373636,hg19,chr20,32785484,32785830,hg38,0.95,1.0,-,-,30247654,GM12878 ENCODE,CAGE,-,HACER,BPIFB3,30247654,expression correlation,-,-,-,-,-,-,-,-,-
CRMHS00000099320,chr17,39066622,39066986,hg19,chr17,40910370,40910734,hg38,0.95,1.0,-,-,30247654,NMFH-1,CAGE,-,HACER,-,-,-,-,-,-,-,-,-,-,-,-
CRMHS00007358075,chr6,32587968,32594708,hg19,chr6,32620191,32626931,hg38,0.95,1.0,AE_hg19_GM12878_21933,http://bioinfo.vanderbilt.edu/AE/HACER/detail.php?id=AE_hg19_GM12878_21933,30247654,Nerve_Tibial,-,-,HACER,HLA-DQB1,30247654,-,-,-,-,-,-,-,rs9271523,30247654,overlap
CRMHS00000081387,chr10,123526019,123526096,hg19,chr10,121766504,121766581,hg38,0.95,1.0,-,-,30247654,HO-1-u-1,CAGE,-,HACER,ATE1OSP,30247654,closest,-,-,-,-,-,-,-,-,-
CRMHS00000103309,chr19,18625662,18626077,hg19,chr19,18514852,18515267,hg38,0.95,1.0,-,-,30247654,MCAS,CAGE,-,HACER,UPF1,30247654,expression correlation,-,-,-,-,-,-,-,-,-
CRMHS00007357159,chr2,132436146,132446697,hg19,chr2,131678573,131689124,hg38,0.95,1.0,AE_hg19_GM12878_21017,http://bioinfo.vanderbilt.edu/AE/HACER/detail.php?id=AE_hg19_GM12878_21017,30247654,Cells_Transformed_fibroblasts,-,-,HACER,-,-,-,-,-,-,-,-,-,rs1810106,30247654,overlap
CRMHS00000123048,chr5,157257409,157257732,hg19,chr5,157830401,157830724,hg38,0.95,1.0,-,-,30247654,ChaGo-K-1,CAGE,-,HACER,-,-,-,-,-,-,-,-,-,-,-,-
CRMHS00000114531,chr22,50977955,50978429,hg19,chr22,50539526,50540000,hg38,0.95,1.0,AE_hg19_GM12878-ENCODE_501345,http://bioinfo.vanderbilt.edu/AE/HACER/detail.php?id=AE_hg19_GM12878-ENCODE_501345,30247654,Thyroid,-,-,HACER,TYMP,30247654,-,-,-,-,-,-,-,rs140521,30247654,overlap
CRMHS00000131781,chr7,44616133,44616490,hg19,chr7,44576534,44576891,hg38,0.95,1.0,-,-,30247654,MKN45,CAGE,-,HACER,OGDH,30247654,distance_50kb,-,-,-,-,-,-,-,-,-
CRMHS00000130388,chr7,139365521,139365926,hg19,chr7,139680775,139681180,hg38,0.95,1.0,-,-,30247654,Ca Ski,CAGE,-,HACER,HIPK2,30247654,closest,-,-,-,-,-,-,-,-,-
CRMHS00000131806,chr7,45244610,45244975,hg19,chr7,45205011,45205376,hg38,0.95,1.0,-,-,30247654,ATN-1,CAGE,-,HACER,MYO1G,30247654,expression correlation,-,-,-,-,-,-,-,-,-
CRMHS00000098297,chr16,88837093,88837695,hg19,chr16,88770685,88771287,hg38,0.95,1.0,-,-,30247654,KNS-62,CAGE,-,HACER,PIEZO1,30247654,closest,-,-,-,-,-,-,-,-,-
CRMHS00000100507,chr17,70585200,70585480,hg19,chr17,72589061,72589341,hg38,0.95,1.0,-,-,30247654,NCI-H650,CAGE,-,HACER,LINC00511,30247654,distance_50kb,-,-,-,-,-,-,-,-,-
CRMHS00000079551,chr1,52088228,52088763,hg19,chr1,51622556,51623091,hg38,0.95,1.0,-,-,30247654,EBC-1,CAGE,-,HACER,OSBPL9,30247654,distance_50kb,-,-,-,-,-,-,-,-,-
CRMHS00000138678,chr9,96928143,96928630,hg19,chr9,94165861,94166348,hg38,0.95,1.0,-,-,30247654,HD-Mar2,CAGE,-,HACER,MIRLET7D,30247654,closest,-,-,-,-,-,-,-,-,-
CRMHS00000130074,chr7,127808367,127808804,hg19,chr7,128168314,128168751,hg38,0.95,1.0,-,-,30247654,IA-LM,CAGE,-,HACER,-,-,-,-,-,-,-,-,-,-,-,-
CRMHS00000086451,chr11,70245269,70246141,hg19,chr11,70399163,70400035,hg38,0.95,1.0,-,-,30247654,SCH,CAGE,-,HACER,CTTN,30247654,distance_50kb,-,-,-,-,-,-,-,-,-
CRMHS00000087738,chr12,122124782,122125118,hg19,chr12,121686876,121687212,hg38,0.95,1.0,-,-,30247654,MEG-01,CAGE,-,HACER,MORN3,30247654,closest,-,-,-,-,-,-,-,-,-
CRMHS00000115179,chr3,123376969,123377163,hg19,chr3,123658122,123658316,hg38,0.95,1.0,-,-,30247654,NCI-H1770,CAGE,-,HACER,-,-,-,-,-,-,-,-,-,-,-,-
CRMHS00000101008,chr17,78008584,78008924,hg19,chr17,80034785,80035125,hg38,0.95,1.0,-,-,30247654,Li-7,CAGE,-,HACER,-,-,-,-,-,-,-,-,-,-,-,-
CRMHS00000103274,chr19,18402387,18403564,hg19,chr19,18291577,18292754,hg38,0.95,1.0,-,-,30247654,NUGC-4,CAGE,-,HACER,IFI30,30247654,expression correlation,-,-,-,-,-,-,-,-,-
CRMHS00000099218,chr17,37910411,37911394,hg19,chr17,39754158,39755141,hg38,0.95,1.0,-,-,30247654,NCI-H2452,CAGE,-,HACER,CDK12,30247654,expression correlation,-,-,-,-,-,-,-,-,-
CRMHS00000083436,chr10,75022023,75022098,hg19,chr10,73262265,73262340,hg38,0.95,1.0,-,-,30247654,P30,CAGE,-,HACER,MRPS16,30247654,distance_50kb,-,-,-,-,-,-,-,-,-
CRMHS00000100125,chr17,61920991,61921115,hg19,chr17,63843631,63843755,hg38,0.95,1.0,-,-,30247654,NCC-IT-A3,CAGE,-,HACER,SMARCD2,30247654,distance_50kb,-,-,-,-,-,-,-,-,-
CRMHS00000091220,chr13,42219317,42219744,hg19,chr13,41645181,41645608,hg38,0.95,1.0,-,-,30247654,JHUS-nk1,CAGE,-,HACER,RGCC,30247654,expression correlation,-,-,-,-,-,-,-,-,-
CRMHS00000114187,chr22,42063539,42063782,hg19,chr22,41667535,41667778,hg38,0.95,1.0,-,-,30247654,NCI-H2052,CAGE,-,HACER,XRCC6,30247654,distance_50kb,-,-,-,-,-,-,-,-,-
CRMHS00000105161,chr2,10950898,10951279,hg19,chr2,10810772,10811153,hg38,0.95,1.0,AE_hg19_GM12878-ENCODE_498875,http://bioinfo.vanderbilt.edu/AE/HACER/detail.php?id=AE_hg19_GM12878-ENCODE_498875,30247654,Adipose_Visceral_Omentum,-,-,HACER,-,30247654,-,-,-,-,-,-,-,rs76708321,30247654,overlap
CRMHS00000103284,chr19,18497624,18497977,hg19,chr19,18386814,18387167,hg38,0.95,1.0,-,-,30247654,H-EMC-SS,CAGE,-,HACER,ISYNA1,30247654,distance_50kb,-,-,-,-,-,-,-,-,-
CRMHS00000099117,chr17,34875469,34875747,hg19,chr17,36519636,36519914,hg38,0.95,1.0,-,-,30247654,KMLS-1,CAGE,-,HACER,ZNHIT3,30247654,distance_50kb,-,-,-,-,-,-,-,-,-
CRMHS00000129255,chr6,82648128,82648420,hg19,chr6,81938411,81938703,hg38,0.95,1.0,-,-,30247654,DU145,CAGE,-,HACER,-,-,-,-,-,-,-,-,-,-,-,-
CRMHS00000138809,chrX,10161663,10162021,hg19,chrX,10193623,10193981,hg38,0.95,1.0,-,-,30247654,KG-1,CAGE,-,HACER,CLCN4,30247654,distance_50kb,-,-,-,-,-,-,-,-,-
CRMHS00000078686,chr1,24968619,24968979,hg19,chr1,24642128,24642488,hg38,0.95,1.0,-,-,30247654,WIL2-NS,CAGE,-,HACER,SRRM1,30247654,expression correlation,-,-,-,-,-,-,-,-,-
CRMHS00000105360,chr2,115897297,115897567,hg19,chr2,115139720,115139990,hg38,0.95,1.0,-,-,30247654,NEC8,CAGE,-,HACER,DPP10-AS1,30247654,distance_50kb,-,-,-,-,-,-,-,-,-
CRMHS00000128882,chr6,57288314,57288720,hg19,chr6,57423516,57423922,hg38,0.95,1.0,-,-,30247654,Mo,CAGE,-,HACER,-,-,-,-,-,-,-,-,-,-,-,-
CRMHS00000099461,chr17,42619291,42619496,hg19,chr17,44541923,44542128,hg38,0.95,1.0,-,-,30247654,SAS,CAGE,-,HACER,FZD2,30247654,distance_50kb,-,-,-,-,-,-,-,-,-
CRMHS00000098589,chr17,17319893,17320013,hg19,chr17,17416579,17416699,hg38,0.95,1.0,-,-,30247654,EoL-1,CAGE,-,HACER,RPL13P12,30247654,distance_50kb,-,-,-,-,-,-,-,-,-
CRMHS00000081928,chr10,20064263,20064493,hg19,chr10,19775334,19775564,hg38,0.95,1.0,-,-,30247654,THP-1,CAGE,-,HACER,PLXDC2,30247654,expression correlation,-,-,-,-,-,-,-,-,-
CRMHS00000087165,chr12,104658660,104659046,hg19,chr12,104264882,104265268,hg38,0.95,1.0,-,-,30247654,BeWo,CAGE,-,HACER,RPL18AP3,30247654,closest,-,-,-,-,-,-,-,-,-
CRMHS00000102704,chr18,74841905,74842663,hg19,chr18,77129949,77130707,hg38,0.95,1.0,-,-,30247654,HSQ-89,CAGE,-,HACER,-,-,-,-,-,-,-,-,-,-,-,-
CRMHS00000099658,chr17,47113510,47113580,hg19,chr17,49036148,49036218,hg38,0.95,1.0,-,-,30247654,G-361,CAGE,-,HACER,IGF2BP1,30247654,distance_50kb,-,-,-,-,-,-,-,-,-
CRMHS00000116863,chr3,189794828,189795104,hg19,chr3,190077039,190077315,hg38,0.95,1.0,-,-,30247654,XPL 17,CAGE,-,HACER,P3H2-AS1,30247654,distance_50kb,-,-,-,-,-,-,-,-,-
CRMHS00000075231,chr1,115052481,115052766,hg19,chr1,114509860,114510145,hg38,0.95,1.0,-,-,30247654,SLVL,CAGE,-,HACER,-,-,-,-,-,-,-,-,-,-,-,-
CRMHS00000118017,chr3,57555554,57555589,hg19,chr3,57569827,57569862,hg38,0.95,1.0,-,-,30247654,SK-PN-DW,CAGE,-,HACER,ARF4,30247654,distance_50kb,-,-,-,-,-,-,-,-,-
CRMHS00000114932,chr3,115939995,115940280,hg19,chr3,116221148,116221433,hg38,0.95,1.0,-,-,30247654,AZ521,CAGE,-,HACER,PTMAP8,30247654,closest,-,-,-,-,-,-,-,-,-
CRMHS00000099703,chr17,48139711,48140314,hg19,chr17,50062347,50062950,hg38,0.95,1.0,-,-,30247654,Saos-2,CAGE,-,HACER,-,-,-,-,-,-,-,-,-,-,-,-
CRMHS00000081471,chr10,126029584,126030073,hg19,chr10,124341015,124341504,hg38,0.95,1.0,-,-,30247654,PCM6,CAGE,-,HACER,-,-,-,-,-,-,-,-,-,-,-,-
CRMHS00000096992,chr16,3156518,3156937,hg19,chr16,3106517,3106936,hg38,0.95,1.0,-,-,30247654,NALM-6,CAGE,-,HACER,CLUAP1,30247654,expression correlation,-,-,-,-,-,-,-,-,-
CRMHS00000094637,chr15,41220555,41220912,hg19,chr15,40928357,40928714,hg38,0.95,1.0,-,-,30247654,CHP-134,CAGE,-,HACER,DLL4,30247654,expression correlation,-,-,-,-,-,-,-,-,-
CRMHS00000076037,chr1,16212759,16213091,hg19,chr1,15886264,15886596,hg38,0.95,1.0,-,-,30247654,SW 872,CAGE,-,HACER,-,-,-,-,-,-,-,-,-,-,-,-
CRMHS00000101348,chr18,10543130,10543398,hg19,chr18,10543133,10543401,hg38,0.95,1.0,AE_hg19_GM12878-ENCODE_497700,http://bioinfo.vanderbilt.edu/AE/HACER/detail.php?id=AE_hg19_GM12878-ENCODE_497700,30247654,Artery_Tibial,-,-,HACER,NAPG,30247654,-,-,-,-,-,-,-,rs552180,30247654,overlap
CRMHS00000083221,chr10,70088080,70088572,hg19,chr10,68328323,68328815,hg38,0.95,1.0,-,-,30247654,SUIT-2,CAGE,-,HACER,HNRNPH3,30247654,closest,-,-,-,-,-,-,-,-,-
CRMHS00000139839,chrX,48777238,48777933,hg19,chrX,48919961,48920656,hg38,0.95,1.0,-,-,30247654,HT-1080,CAGE,-,HACER,PIM2,30247654,closest,-,-,-,-,-,-,-,-,-
CRMHS00000102959,chr19,11484314,11484469,hg19,chr19,11373638,11373793,hg38,0.95,1.0,-,-,30247654,HTOA,CAGE,-,HACER,ZNF439,30247654,expression correlation,-,-,-,-,-,-,-,-,-
CRMHS00000126537,chr6,143166332,143166721,hg19,chr6,142845195,142845584,hg38,0.95,1.0,-,-,30247654,8505C,CAGE,-,HACER,-,-,-,-,-,-,-,-,-,-,-,-
CRMHS00000129583,chr7,101929978,101930313,hg19,chr7,102286687,102287023,hg38,0.95,1.00297619047619,-,-,30247654,ME-180,CAGE,-,HACER,PRKRIP1,30247654,expression correlation,-,-,-,-,-,-,-,-,-
CRMHS00007357226,chr2,232417035,232435808,hg19,chr2,231552324,231571097,hg38,0.95,1.0,AE_hg19_GM12878_21084,http://bioinfo.vanderbilt.edu/AE/HACER/detail.php?id=AE_hg19_GM12878_21084,30247654,Heart_Atrial_Appendage,-,-,HACER,LINC00471,30247654,-,-,-,-,-,-,-,rs2570992,30247654,overlap
CRMHS00000110658,chr20,19967147,19967464,hg19,chr20,19986503,19986820,hg38,0.95,1.0,-,-,30247654,TCO-1,CAGE,-,HACER,-,-,-,-,-,-,-,-,-,-,-,-
CRMHS00000110820,chr20,25218471,25218756,hg19,chr20,25237835,25238120,hg38,0.95,1.0,-,-,30247654,HSC-3,CAGE,-,HACER,PYGB,30247654,closest,-,-,-,-,-,-,-,-,-
CRMHS00000127185,chr6,160409606,160409719,hg19,chr6,159988574,159988687,hg38,0.95,1.0,-,-,30247654,NKM-1,CAGE,-,HACER,IGF2R,30247654,distance_50kb,-,-,-,-,-,-,-,-,-
CRMHS00000076259,chr1,1708824,1709349,hg19,chr1,1777385,1777910,hg38,0.95,1.0,-,-,30247654,Ty-82,CAGE,-,HACER,NADK,30247654,distance_50kb,-,-,-,-,-,-,-,-,-
CRMHS00000087322,chr12,109249389,109249909,hg19,chr12,108855613,108856133,hg38,0.95,1.0,-,-,30247654,COBL-a,CAGE,-,HACER,-,-,-,-,-,-,-,-,-,-,-,-
CRMHS00000100243,chr17,64544919,64545280,hg19,chr17,66548801,66549162,hg38,0.95,1.0,-,-,30247654,TGBC2TKB,CAGE,-,HACER,PRKCA,30247654,closest,-,-,-,-,-,-,-,-,-
CRMHS00000132774,chr7,99684818,99685168,hg19,chr7,100087195,100087545,hg38,0.95,1.0,-,-,30247654,MKL-1,CAGE,-,HACER,PILRB,30247654,expression correlation,-,-,-,-,-,-,-,-,-
CRMHS00000137450,chr9,140101916,140102100,hg19,chr9,137207464,137207648,hg38,0.95,1.0,-,-,30247654,HL60,CAGE,-,HACER,NDOR1,30247654,distance_50kb,-,-,-,-,-,-,-,-,-
