experiment,variant,db,run,file,parse_ok,size_bytes,n_triples,n_classes,n_object_props,n_datatype_props,n_subclass_axioms,n_restrictions,n_labels,n_comments,parse_error,note
E1,raw,FANTOM5,1,ontology_run1.ttl,0,3316,,,,,,,,,"BadSyntax: at line 12 of <>:
Bad syntax (Prefix "":"" not bound) at ^ in:
""...b'xample.org/ontology/FANTOM5> a owl:Ontology .\n\n### Classes\n\n'^b':CRM a owl:Class ;\n    skos:prefLabel ""Cis-Regulatory Module'...""",
E1,raw,FANTOM5,2,ontology_run2.ttl,1,2891,54,2,1,7,0,0,0,10,,
E1,raw,FANTOM5,3,ontology_run3.ttl,1,2505,38,3,1,4,0,0,0,8,,
E1,postprocessed,FANTOM5,1,ontology_run1.ttl,1,3360,63,3,2,8,0,0,0,13,,
E1,postprocessed,FANTOM5,2,ontology_run2.ttl,1,2891,54,2,1,7,0,0,0,10,,
E1,postprocessed,FANTOM5,3,ontology_run3.ttl,1,2505,38,3,1,4,0,0,0,8,,
E1,raw,dbSUPER,1,ontology_run1.ttl,1,3013,55,6,3,3,0,0,0,11,,
E1,raw,dbSUPER,2,ontology_run2.ttl,1,2951,42,4,2,3,1,0,0,9,,
E1,raw,dbSUPER,3,ontology_run3.ttl,1,4460,69,5,4,6,0,0,0,15,,
E1,postprocessed,dbSUPER,1,ontology_run1.ttl,1,3013,55,6,3,3,0,0,0,11,,
E1,postprocessed,dbSUPER,2,ontology_run2.ttl,1,2951,42,4,2,3,1,0,0,9,,
E1,postprocessed,dbSUPER,3,ontology_run3.ttl,1,4460,69,5,4,6,0,0,0,15,,
E1,raw,HACER,1,ontology_run1.ttl,1,3824,50,4,2,5,0,0,0,11,,
E1,raw,HACER,2,ontology_run2.ttl,1,4771,73,6,5,5,0,0,0,16,,
E1,raw,HACER,3,ontology_run3.ttl,0,3070,,,,,,,,,"BadSyntax: at line 11 of <>:
Bad syntax (Prefix "":"" not bound) at ^ in:
""...b'nfo.vanderbilt.edu/AE/HACER/> a owl:Ontology .\n\n### Classes\n'^b':CRM a owl:Class ;\n    skos:prefLabel ""Cis-regulatory Module'...""",
E1,postprocessed,HACER,1,ontology_run1.ttl,1,3824,50,4,2,5,0,0,0,11,,
E1,postprocessed,HACER,2,ontology_run2.ttl,1,4771,73,6,5,5,0,0,0,16,,
E1,postprocessed,HACER,3,ontology_run3.ttl,1,3114,61,3,2,8,0,0,0,13,,
E1,raw,DiseaseEnhancer,1,ontology_run1.ttl,1,2446,42,5,2,3,0,0,0,9,,
E1,raw,DiseaseEnhancer,2,ontology_run2.ttl,1,2418,41,4,2,3,0,0,0,9,,
E1,raw,DiseaseEnhancer,3,ontology_run3.ttl,1,2352,41,4,2,3,0,0,0,9,,
E1,postprocessed,DiseaseEnhancer,1,ontology_run1.ttl,1,2446,42,5,2,3,0,0,0,9,,
E1,postprocessed,DiseaseEnhancer,2,ontology_run2.ttl,1,2418,41,4,2,3,0,0,0,9,,
E1,postprocessed,DiseaseEnhancer,3,ontology_run3.ttl,1,2352,41,4,2,3,0,0,0,9,,
E2,raw,FANTOM5,1,ontology_run1.ttl,1,3679,70,4,3,8,0,0,1,16,,
E2,raw,FANTOM5,2,ontology_run2.ttl,0,4083,,,,,,,,,"BadSyntax: at line 13 of <>:
Bad syntax (Prefix "":"" not bound) at ^ in:
""...b'ed by CAGE-seq in the FANTOM5 database."" .\n\n### Classes ###\n'^b':CRM a owl:Class ;\n    skos:prefLabel ""Cis-regulatory module'...""",
E2,raw,FANTOM5,3,ontology_run3.ttl,1,3343,51,4,3,6,0,0,1,5,,
E2,postprocessed,FANTOM5,1,ontology_run1.ttl,1,3679,70,4,3,8,0,0,1,16,,
E2,postprocessed,FANTOM5,2,ontology_run2.ttl,1,4127,77,4,3,8,0,0,1,16,,
E2,postprocessed,FANTOM5,3,ontology_run3.ttl,1,3343,51,4,3,6,0,0,1,5,,
E2,raw,dbSUPER,1,ontology_run1.ttl,1,2558,40,3,2,5,0,0,1,4,,
E2,raw,dbSUPER,2,ontology_run2.ttl,1,3780,55,5,3,5,0,0,0,13,,
E2,raw,dbSUPER,3,ontology_run3.ttl,1,4000,55,4,3,5,0,0,1,13,,
E2,postprocessed,dbSUPER,1,ontology_run1.ttl,1,2558,40,3,2,5,0,0,1,4,,
E2,postprocessed,dbSUPER,2,ontology_run2.ttl,1,3780,55,5,3,5,0,0,0,13,,
E2,postprocessed,dbSUPER,3,ontology_run3.ttl,1,4000,55,4,3,5,0,0,1,13,,
E2,raw,HACER,1,ontology_run1.ttl,1,3858,52,4,3,3,0,0,0,11,,
E2,raw,HACER,2,ontology_run2.ttl,1,3372,50,5,3,4,0,0,1,9,,
E2,raw,HACER,3,ontology_run3.ttl,0,2944,,,,,,,,,"BadSyntax: at line 13 of <>:
Bad syntax (Prefix "":"" not bound) at ^ in:
""...b'Active Cis-regulatory Elements database"" .\n\n### Classes ###\n'^b':CRM a owl:Class ;\n    skos:prefLabel ""Cis-regulatory Module'...""",
E2,postprocessed,HACER,1,ontology_run1.ttl,1,3858,52,4,3,3,0,0,0,11,,
E2,postprocessed,HACER,2,ontology_run2.ttl,1,3372,50,5,3,4,0,0,1,9,,
E2,postprocessed,HACER,3,ontology_run3.ttl,1,2988,59,5,4,4,0,0,1,11,,
E2,raw,DiseaseEnhancer,1,ontology_run1.ttl,0,3024,,,,,,,,,"BadSyntax: at line 14 of <>:
Bad syntax (Prefix "":"" not bound) at ^ in:
""...b' for enhancers associated with diseases"" .\n\n### Classes ###\n'^b':CRM rdf:type owl:Class ;\n    skos:prefLabel ""Cis-regulatory'...""",
E2,raw,DiseaseEnhancer,2,ontology_run2.ttl,1,2711,62,5,4,8,0,0,0,4,,
E2,raw,DiseaseEnhancer,3,ontology_run3.ttl,0,7033,,,,,,,,,"BadSyntax: at line 11 of <>:
Bad syntax (Prefix "":"" not bound) at ^ in:
""...b'u.cn/DiseaseEnhancer/> rdf:type owl:Ontology .\n\n### Classes\n'^b':CRM rdf:type owl:Class ;\n    skos:prefLabel ""Cis-regulatory'...""",
E2,postprocessed,DiseaseEnhancer,1,ontology_run1.ttl,1,3068,56,4,3,3,0,0,1,11,,
E2,postprocessed,DiseaseEnhancer,2,ontology_run2.ttl,1,2711,62,5,4,8,0,0,0,4,,
E2,postprocessed,DiseaseEnhancer,3,ontology_run3.ttl,1,7077,179,4,3,3,0,0,0,7,,
E3,raw,FANTOM5,1,ontology_run1.ttl,0,3304,,,,,,,,,"BadSyntax: at line 34 of <>:
Bad syntax (EOF found in middle of path syntax) at ^ in:
""b'@prefix rdf:     <http://www.w3.org/1999/02/22-rdf-syntax-ns#> .\n@prefix rdfs:    <http://www.w3.org/2000/01/rdf-schema#> .\n@prefix owl:     <http://www.w3.org/2002/07/owl#> .\n@prefix xsd:     <http://www.w3.org/2001/XMLSchema#> .\n@prefix skos:    <http://www.w3.org/2004/02/skos/core#> .\n@prefix dc:      <http://purl.org/dc/terms/> .\n@prefix obo:     <http://purl.obolibrary.org/obo/> .\n@prefix biolink: <https://w3id.org/biolink/vocab/> .\n@prefix schema:  <http://schema.org/> .\n@prefix sio:     <http://semanticscience.org/resource/> .\n@prefix hcrm:    <http://rdf.biogateway.eu/crm/9606/> .\n@prefix crm2pgene: <http://rdf.biogateway.eu/crm2pgene/> .\n@prefix hgene:   <http://rdf.biogateway.eu/gene/9606/> .\n@prefix assembly: <https://www.ncbi.nlm.nih.gov/assembly/> .\n@prefix nuccore: <https://www.ncbi.nlm.nih.gov/nuccore/> .\n@prefix pubmed:  <http://www.ncbi.nlm.nih.gov/pubmed/> .\n@prefix id_pubmed: <http://identifiers.org/pubmed/> .\n@prefix id_ncbigene: <http://identifiers.org/ncbigene/> .\n\nhcrm:CRMHS00000005752 rdf:type owl:Class ;\n    rdfs:subClassOf obo:SO_0000727 ;\n    skos:definition ""Cis-regulatory module located in Homo sapiens chr1 between 16039967 and 16040344"" ;\n    skos:prefLabel ""crm/CRMHS00000005752"" ;\n    obo:RO_0002162 obo:NCBITaxon_9606 ;\n    dc:hasVersion assembly:GCF_000001405.26 ;\n    obo:BFO_0000050 nuccore:chr1 ;\n    obo:GENO_0000895 ""16039967""^^xsd:integer ;\n    obo:GENO_0000894 ""16040344""^^xsd:integer ;\n    schema:evidenceOrigin <https://fantom.gsc.riken.jp/5/> ;\n    rdfs:isDefinedBy obo:ECO_0000203 ;\n    sio:SIO_000772 id_pubmed:24670763 ;\n    sio:SIO_000253 <https://fantom.gsc.riken.jp/5/> .\n\ncrm2pgene:bgw!CRMHS00000005752--FAM131C rdf:type owl:Class ;\n    rdfs:subClassOf rdf:Statement ;\n    rdf:subject hcrm:CRMHS00000005752 ;\n    rdf:predicate obo:RO_0002429 ;\n    rdf:object hgene:FAM131C ;\n    skos:prefLabel ""bgw!CRMHS00000005752--FAM131C"" ;\n    skos:definition ""Association between cis-regulatory module CRMHS00000005752 and gene FAM131C"" ;\n    sio:SIO_000772 id_pubmed:24670763 .\n\nhgene:FAM131C skos:closeMatch id_ncbigene:GeneID ;\n    biolink:category biolink:Gene .\n\nhcrm:CRMHS00000005795 rdf:type owl:Class ;\n    rdfs:subClassOf obo:SO_0000727 ;\n    skos:definition ""Cis-regulatory module located in Homo sapiens chr10 between 62685569 and 62685884"" ;\n    skos:prefLabel ""crm/CRMHS00000005795"" ;\n    obo:RO_0002162 obo:NCBITaxon_9606 ;\n    dc:hasVersion assembly:GCF_000001405.26 ;\n    obo:BFO_0000050 nuccore:chr10 ;\n    obo:GENO_0000895 ""62685569""^^xsd:integer ;\n    obo:GENO_0000894 ""62685884""^^xsd:integer ;\n    schema:evidenceOrigin <https://fantom.gsc.riken.jp/5/> ;\n    rdfs:isDefinedBy obo:ECO_0000203 ;\n    sio:SIO_000772 id_pubmed:24670763 ;\n    sio:SIO_000253 <https://fantom.gsc.riken.jp/5/> .\n\ncrm2pgene:bgw!CRMHS00000005795--ADO rdf:type owl:Class ;\n    rdfs:subClassOf rdf:Statement ;\n    rdf:subject hcrm:CRMHS00000005795 ;\n    rdf:predicate obo:RO_0002429 ;\n    rdf:object hgene:ADO ;\n    skos:prefLabel ""bgw!CRMHS00000005795--ADO"" ;\n    skos:definition ""Association between cis-regulatory module CRMHS00000005795 and gene ADO"" ;\n    sio:SIO_000772 id_pubmed:24670763 .\n\nhgene:ADO skos:closeMatch id_ncbigene:GeneID ;\n    biolink:category biolink:Gene .\n\n# Additional CRM and CRM2GENE associations would follow the same patter'^b''...""",
E3,raw,FANTOM5,2,ontology_run2.ttl,0,3349,,,,,,,,,"BadSyntax: at line 33 of <>:
Bad syntax (EOF found in middle of path syntax) at ^ in:
""b'@prefix rdf:     <http://www.w3.org/1999/02/22-rdf-syntax-ns#> .\n@prefix rdfs:    <http://www.w3.org/2000/01/rdf-schema#> .\n@prefix owl:     <http://www.w3.org/2002/07/owl#> .\n@prefix xsd:     <http://www.w3.org/2001/XMLSchema#> .\n@prefix skos:    <http://www.w3.org/2004/02/skos/core#> .\n@prefix dc:      <http://purl.org/dc/terms/> .\n@prefix obo:     <http://purl.obolibrary.org/obo/> .\n@prefix biolink: <https://w3id.org/biolink/vocab/> .\n@prefix schema:  <http://schema.org/> .\n@prefix sio:     <http://semanticscience.org/resource/> .\n@prefix hcrm:    <http://rdf.biogateway.eu/crm/9606/> .\n@prefix crm2pgene: <http://rdf.biogateway.eu/crm2pgene/> .\n@prefix hgene:   <http://rdf.biogateway.eu/gene/9606/> .\n@prefix assembly: <https://www.ncbi.nlm.nih.gov/assembly/> .\n@prefix nuccore: <https://www.ncbi.nlm.nih.gov/nuccore/> .\n@prefix pubmed:  <http://www.ncbi.nlm.nih.gov/pubmed/> .\n@prefix id_pubmed: <http://identifiers.org/pubmed/> .\n@prefix id_ncbigene: <http://identifiers.org/ncbigene/> .\n\nhcrm:CRMHS00000005752 rdf:type hcrm:crm_ID ;\n    skos:definition ""Cis-regulatory module located in Homo sapiens chr1 between 16039967 and 16040344"" ;\n    skos:prefLabel ""crm/CRMHS00000005752"" ;\n    obo:RO_0002162 obo:NCBITaxon_9606 ;\n    dc:hasVersion assembly:GCF_000001405.26 ;\n    obo:BFO_0000050 nuccore:chr1 ;\n    obo:GENO_0000895 ""16039967""^^xsd:integer ;\n    obo:GENO_0000894 ""16040344""^^xsd:integer ;\n    schema:evidenceOrigin <https://fantom.gsc.riken.jp/5/> ;\n    rdfs:isDefinedBy obo:ECO_0000203 ;\n    sio:SIO_000772 id_pubmed:24670763 ;\n    sio:SIO_000253 <https://fantom.gsc.riken.jp/5/> .\n\ncrm2pgene:bgw!CRMHS00000005752--FAM131C rdf:type crm2pgene:bgw!crm_ID--hgncsymbol!9606/FAM131C ;\n    rdf:subject hcrm:CRMHS00000005752 ;\n    rdf:predicate obo:RO_0002429 ;\n    rdf:object hgene:FAM131C ;\n    skos:prefLabel ""bgw!CRMHS00000005752--FAM131C"" ;\n    skos:definition ""Association between cis-regulatory module CRMHS00000005752 and gene FAM131C"" ;\n    sio:SIO_000772 id_pubmed:24670763 ;\n    schema:evidenceOrigin <https://fantom.gsc.riken.jp/5/> .\n\nhgene:FAM131C skos:closeMatch id_ncbigene:GeneID ;\n    biolink:category biolink:Gene .\n\nhcrm:CRMHS00000005795 rdf:type hcrm:crm_ID ;\n    skos:definition ""Cis-regulatory module located in Homo sapiens chr10 between 62685569 and 62685884"" ;\n    skos:prefLabel ""crm/CRMHS00000005795"" ;\n    obo:RO_0002162 obo:NCBITaxon_9606 ;\n    dc:hasVersion assembly:GCF_000001405.26 ;\n    obo:BFO_0000050 nuccore:chr10 ;\n    obo:GENO_0000895 ""62685569""^^xsd:integer ;\n    obo:GENO_0000894 ""62685884""^^xsd:integer ;\n    schema:evidenceOrigin <https://fantom.gsc.riken.jp/5/> ;\n    rdfs:isDefinedBy obo:ECO_0000203 ;\n    sio:SIO_000772 id_pubmed:24670763 ;\n    sio:SIO_000253 <https://fantom.gsc.riken.jp/5/> .\n\ncrm2pgene:bgw!CRMHS00000005795--ADO rdf:type crm2pgene:bgw!crm_ID--hgncsymbol!9606/ADO ;\n    rdf:subject hcrm:CRMHS00000005795 ;\n    rdf:predicate obo:RO_0002429 ;\n    rdf:object hgene:ADO ;\n    skos:prefLabel ""bgw!CRMHS00000005795--ADO"" ;\n    skos:definition ""Association between cis-regulatory module CRMHS00000005795 and gene ADO"" ;\n    sio:SIO_000772 id_pubmed:24670763 ;\n    schema:evidenceOrigin <https://fantom.gsc.riken.jp/5/> .\n\nhgene:ADO skos:closeMatch id_ncbigene:GeneID ;\n    biolink:category biolink:Gene .\n\n# Additional CRM and CRM2GENE instances would follow the same patter'^b''...""",
E3,raw,FANTOM5,3,ontology_run3.ttl,0,2162,,,,,,,,,"BadSyntax: at line 33 of <>:
Bad syntax (EOF found in middle of path syntax) at ^ in:
""b'@prefix rdf:     <http://www.w3.org/1999/02/22-rdf-syntax-ns#> .\n@prefix rdfs:    <http://www.w3.org/2000/01/rdf-schema#> .\n@prefix owl:     <http://www.w3.org/2002/07/owl#> .\n@prefix xsd:     <http://www.w3.org/2001/XMLSchema#> .\n@prefix skos:    <http://www.w3.org/2004/02/skos/core#> .\n@prefix dc:      <http://purl.org/dc/terms/> .\n@prefix obo:     <http://purl.obolibrary.org/obo/> .\n@prefix biolink: <https://w3id.org/biolink/vocab/> .\n@prefix schema:  <http://schema.org/> .\n@prefix sio:     <http://semanticscience.org/resource/> .\n@prefix hcrm:    <http://rdf.biogateway.eu/crm/9606/> .\n@prefix crm2pgene: <http://rdf.biogateway.eu/crm2pgene/> .\n@prefix hgene:   <http://rdf.biogateway.eu/gene/9606/> .\n@prefix assembly: <https://www.ncbi.nlm.nih.gov/assembly/> .\n@prefix nuccore: <https://www.ncbi.nlm.nih.gov/nuccore/> .\n@prefix pubmed:  <http://www.ncbi.nlm.nih.gov/pubmed/> .\n@prefix id_pubmed: <http://identifiers.org/pubmed/> .\n@prefix id_ncbigene: <http://identifiers.org/ncbigene/> .\n\nhcrm:CRMHS00000005752 rdf:type hcrm:crm_ID ;\n    skos:prefLabel ""CRMHS00000005752"" ;\n    skos:definition ""Cis-regulatory module located in Homo sapiens chr1 between 16039967 and 16040344"" ;\n    obo:RO_0002162 obo:NCBITaxon_9606 ;\n    dc:hasVersion assembly:GCF_000001405.26 ;\n    obo:BFO_0000050 nuccore:chr1 ;\n    obo:GENO_0000895 ""16039967""^^xsd:integer ;\n    obo:GENO_0000894 ""16040344""^^xsd:integer ;\n    schema:evidenceOrigin <https://fantom.gsc.riken.jp/5/> ;\n    rdfs:isDefinedBy obo:ECO_0000203 ;\n    sio:SIO_000772 id_pubmed:24670763 ;\n    sio:SIO_000253 <https://fantom.gsc.riken.jp/5/> .\n\ncrm2pgene:bgw!CRMHS00000005752--FAM131C rdf:type crm2pgene:bgw!crm_ID--hgncsymbol!9606/gene_symbol ;\n    rdf:subject hcrm:CRMHS00000005752 ;\n    rdf:predicate obo:RO_0002429 ;\n    rdf:object hgene:FAM131C ;\n    skos:prefLabel ""bgw!CRMHS00000005752--FAM131C"" ;\n    skos:definition ""Association between cis-regulatory module CRMHS00000005752 and gene FAM131C"" ;\n    sio:SIO_000772 id_pubmed:24670763 .\n\nhgene:FAM131C skos:closeMatch id_ncbigene:GeneID ;\n    biolink:category biolink:Gene .\n\n# Repeat similar blocks for each CRM and associated gene in the datase'^b''...""",
E3,postprocessed,FANTOM5,1,ontology_run1.ttl,1,3358,46,4,0,0,4,0,0,4,,
E3,postprocessed,FANTOM5,2,ontology_run2.ttl,1,3457,44,0,0,0,0,0,0,4,,
E3,postprocessed,FANTOM5,3,ontology_run3.ttl,1,2216,21,0,0,0,0,0,0,2,,
E3,raw,dbSUPER,1,ontology_run1.ttl,0,2205,,,,,,,,,"BadSyntax: at line 34 of <>:
Bad syntax (EOF found in middle of path syntax) at ^ in:
""b'@prefix rdf:     <http://www.w3.org/1999/02/22-rdf-syntax-ns#> .\n@prefix rdfs:    <http://www.w3.org/2000/01/rdf-schema#> .\n@prefix owl:     <http://www.w3.org/2002/07/owl#> .\n@prefix xsd:     <http://www.w3.org/2001/XMLSchema#> .\n@prefix skos:    <http://www.w3.org/2004/02/skos/core#> .\n@prefix dc:      <http://purl.org/dc/terms/> .\n@prefix obo:     <http://purl.obolibrary.org/obo/> .\n@prefix biolink: <https://w3id.org/biolink/vocab/> .\n@prefix schema:  <http://schema.org/> .\n@prefix sio:     <http://semanticscience.org/resource/> .\n@prefix hcrm:    <http://rdf.biogateway.eu/crm/9606/> .\n@prefix crm2pgene: <http://rdf.biogateway.eu/crm2pgene/> .\n@prefix hgene:   <http://rdf.biogateway.eu/gene/9606/> .\n@prefix assembly: <https://www.ncbi.nlm.nih.gov/assembly/> .\n@prefix nuccore: <https://www.ncbi.nlm.nih.gov/nuccore/> .\n@prefix pubmed:  <http://www.ncbi.nlm.nih.gov/pubmed/> .\n@prefix id_pubmed: <http://identifiers.org/pubmed/> .\n@prefix id_ncbigene: <http://identifiers.org/ncbigene/> .\n@prefix dbsuper: <https://asntech.org/dbsuper/> .\n\nhcrm:CRMHS00000005972 rdf:type obo:SO_0000727 ;\n    skos:definition ""Cis-regulatory module located in Homo sapiens chr3 between 187725358 and 187750675"" ;\n    skos:prefLabel ""CRMHS00000005972"" ;\n    obo:RO_0002162 obo:NCBITaxon_9606 ;\n    dc:hasVersion assembly:GCF_000001405.26 ;\n    obo:BFO_0000050 nuccore:chr3 ;\n    obo:GENO_0000895 ""187725358""^^xsd:integer ;\n    obo:GENO_0000894 ""187750675""^^xsd:integer ;\n    schema:evidenceOrigin <https://asntech.org/dbsuper/details.php?se_id=SE_00148> ;\n    rdfs:isDefinedBy obo:ECO_0000203 ;\n    sio:SIO_000772 id_pubmed:24119843 ;\n    sio:SIO_000253 dbsuper: .\n\ncrm2pgene:bgw!CRMHS00000005972--BCL6 rdf:type owl:Class ;\n    rdfs:subClassOf rdf:Statement ;\n    rdf:subject hcrm:CRMHS00000005972 ;\n    rdf:predicate obo:RO_0002429 ;\n    rdf:object hgene:BCL6 ;\n    skos:prefLabel ""bgw!CRMHS00000005972--BCL6"" ;\n    skos:definition ""Association between cis-regulatory module CRMHS00000005972 and gene BCL6"" .\n\nhcrm:CRMHS00000005972 obo:RO_0002429 hgene:BCL6 .\n\nhgene:BCL6 skos:closeMatch id_ncbigene:GeneID ;\n    biolink:category biolink:Gene .\n\n# Repeat similar blocks for each CRM entry in the database sampl'^b''...""",
E3,raw,dbSUPER,2,ontology_run2.ttl,0,2588,,,,,,,,,"BadSyntax: at line 33 of <>:
Bad syntax (EOF found in middle of path syntax) at ^ in:
""b'@prefix rdf:     <http://www.w3.org/1999/02/22-rdf-syntax-ns#> .\n@prefix rdfs:    <http://www.w3.org/2000/01/rdf-schema#> .\n@prefix owl:     <http://www.w3.org/2002/07/owl#> .\n@prefix xsd:     <http://www.w3.org/2001/XMLSchema#> .\n@prefix skos:    <http://www.w3.org/2004/02/skos/core#> .\n@prefix dc:      <http://purl.org/dc/terms/> .\n@prefix obo:     <http://purl.obolibrary.org/obo/> .\n@prefix biolink: <https://w3id.org/biolink/vocab/> .\n@prefix schema:  <http://schema.org/> .\n@prefix sio:     <http://semanticscience.org/resource/> .\n@prefix hcrm:    <http://rdf.biogateway.eu/crm/9606/> .\n@prefix crm2pgene: <http://rdf.biogateway.eu/crm2pgene/> .\n@prefix hgene:   <http://rdf.biogateway.eu/gene/9606/> .\n@prefix assembly: <https://www.ncbi.nlm.nih.gov/assembly/> .\n@prefix nuccore: <https://www.ncbi.nlm.nih.gov/nuccore/> .\n@prefix pubmed:  <http://www.ncbi.nlm.nih.gov/pubmed/> .\n@prefix id_pubmed: <http://identifiers.org/pubmed/> .\n@prefix id_ncbigene: <http://identifiers.org/ncbigene/> .\n@prefix dbsuper: <https://asntech.org/dbsuper/> .\n\nhcrm:CRMHS00000005972 rdf:type obo:SO_0000727 ;\n    skos:prefLabel ""CRMHS00000005972"" ;\n    obo:RO_0002162 obo:NCBITaxon_9606 ;\n    dc:hasVersion assembly:GCF_000001405.26 ;\n    obo:BFO_0000050 nuccore:chr3 ;\n    obo:GENO_0000895 ""187725358""^^xsd:integer ;\n    obo:GENO_0000894 ""187750675""^^xsd:integer ;\n    schema:evidenceOrigin <https://asntech.org/dbsuper/details.php?se_id=SE_00148> ;\n    rdfs:isDefinedBy pubmed:24119843 ;\n    sio:SIO_000772 id_pubmed:24119843 ;\n    sio:SIO_000253 dbsuper: .\n\ncrm2pgene:bgw!CRMHS00000005972--BCL6 rdf:type owl:Class ;\n    rdfs:subClassOf rdf:Statement ;\n    rdf:subject hcrm:CRMHS00000005972 ;\n    rdf:predicate obo:RO_0002429 ;\n    rdf:object hgene:BCL6 ;\n    skos:prefLabel ""bgw!CRMHS00000005972--BCL6"" ;\n    skos:definition ""Association between cis-regulatory module CRMHS00000005972 and gene BCL6"" .\n\nhcrm:CRMHS00000005972 obo:RO_0002429 hgene:BCL6 .\n\nhgene:BCL6 skos:closeMatch id_ncbigene:604 ;\n    biolink:category biolink:Gene .\n\nhcrm:CRMHS00000005972#dbSUPER rdf:type hcrm:CRMHS00000005972 ;\n    skos:definition ""Cis-regulatory module located in Homo sapiens chr3 between 187725358 and 187750675 according to dbSUPER"" ;\n    skos:prefLabel ""CRMHS00000005972#dbSUPER"" ;\n    obo:TXPO_0003500 obo:CL_0000188 ; # Adipose Nuclei\n    schema:evidenceOrigin <https://asntech.org/dbsuper/details.php?se_id=SE_00148> ;\n    rdfs:isDefinedBy obo:ECO_0000203 ; # H3K27ac\n    sio:SIO_000772 id_pubmed:24119843 ;\n    sio:SIO_000253 dbsuper: .\n\n# Repeat similar blocks for other CRM entries in the sampl'^b''...""",
E3,raw,dbSUPER,3,ontology_run3.ttl,0,2688,,,,,,,,,"BadSyntax: at line 43 of <>:
Bad syntax (EOF found in middle of path syntax) at ^ in:
""b'@prefix rdf:     <http://www.w3.org/1999/02/22-rdf-syntax-ns#> .\n@prefix rdfs:    <http://www.w3.org/2000/01/rdf-schema#> .\n@prefix owl:     <http://www.w3.org/2002/07/owl#> .\n@prefix xsd:     <http://www.w3.org/2001/XMLSchema#> .\n@prefix skos:    <http://www.w3.org/2004/02/skos/core#> .\n@prefix dc:      <http://purl.org/dc/terms/> .\n@prefix obo:     <http://purl.obolibrary.org/obo/> .\n@prefix biolink: <https://w3id.org/biolink/vocab/> .\n@prefix schema:  <http://schema.org/> .\n@prefix sio:     <http://semanticscience.org/resource/> .\n@prefix hcrm:    <http://rdf.biogateway.eu/crm/9606/> .\n@prefix crm2pgene: <http://rdf.biogateway.eu/crm2pgene/> .\n@prefix hgene:   <http://rdf.biogateway.eu/gene/9606/> .\n@prefix assembly: <https://www.ncbi.nlm.nih.gov/assembly/> .\n@prefix nuccore: <https://www.ncbi.nlm.nih.gov/nuccore/> .\n@prefix pubmed:  <http://www.ncbi.nlm.nih.gov/pubmed/> .\n@prefix id_pubmed: <http://identifiers.org/pubmed/> .\n@prefix id_ncbigene: <http://identifiers.org/ncbigene/> .\n@prefix dbsuper: <https://asntech.org/dbsuper/> .\n\n# Define the CRM class\nhcrm:CRMHS00000005972 rdf:type owl:Class ;\n    rdfs:subClassOf obo:SO_0000727 ;\n    skos:definition ""Cis-regulatory module located in Homo sapiens chr3 between 187725358 and 187750675"" ;\n    skos:prefLabel ""CRMHS00000005972"" ;\n    obo:RO_0002162 obo:NCBITaxon_9606 ;\n    dc:hasVersion assembly:GCF_000001405.26 ;\n    obo:BFO_0000050 nuccore:chr3 ;\n    obo:GENO_0000895 ""187725358""^^xsd:integer ;\n    obo:GENO_0000894 ""187750675""^^xsd:integer .\n\n# Define the CRM instance for dbSUPER\nhcrm:CRMHS00000005972#dbSUPER rdf:type hcrm:CRMHS00000005972 ;\n    skos:definition ""Cis-regulatory module located in Homo sapiens chr3 between 187725358 and 187750675 according to dbSUPER"" ;\n    skos:prefLabel ""CRMHS00000005972#dbSUPER"" ;\n    obo:TXPO_0003500 obo:BTO_0000000 ; # Placeholder for actual cell line ontology ID\n    schema:evidenceOrigin <https://asntech.org/dbsuper/details.php?se_id=SE_00148> ;\n    rdfs:isDefinedBy obo:ECO_0000000 ; # Placeholder for actual evidence ontology ID\n    sio:SIO_000772 id_pubmed:24119843 ;\n    sio:SIO_000253 dbsuper: .\n\n# Define the CRM to Gene association\ncrm2pgene:bgw!CRMHS00000005972--BCL6 rdf:type owl:Class ;\n    rdfs:subClassOf rdf:Statement ;\n    rdf:subject hcrm:CRMHS00000005972 ;\n    rdf:predicate obo:RO_0002429 ;\n    rdf:object hgene:BCL6 ;\n    skos:prefLabel ""bgw!CRMHS00000005972--BCL6"" ;\n    skos:definition ""Association between cis-regulatory module CRMHS00000005972 and gene BCL6"" .\n\n# Define the Gene class\nhgene:BCL6 skos:closeMatch id_ncbigene:GeneID ;\n    biolink:category biolink:Gene .\n\n# Repeat similar definitions for other CRM entries and their association'^b''...""",
E3,postprocessed,dbSUPER,1,ontology_run1.ttl,1,2232,22,1,0,0,1,0,0,2,,
E3,postprocessed,dbSUPER,2,ontology_run2.ttl,1,2646,29,1,0,0,1,0,0,2,,
E3,postprocessed,dbSUPER,3,ontology_run3.ttl,1,2746,26,2,0,0,2,0,0,3,,
E3,raw,HACER,1,ontology_run1.ttl,0,4548,,,,,,,,,"BadSyntax: at line 33 of <>:
Bad syntax (EOF found in middle of path syntax) at ^ in:
""b'@prefix rdf:     <http://www.w3.org/1999/02/22-rdf-syntax-ns#> .\n@prefix rdfs:    <http://www.w3.org/2000/01/rdf-schema#> .\n@prefix owl:     <http://www.w3.org/2002/07/owl#> .\n@prefix xsd:     <http://www.w3.org/2001/XMLSchema#> .\n@prefix skos:    <http://www.w3.org/2004/02/skos/core#> .\n@prefix dc:      <http://purl.org/dc/terms/> .\n@prefix obo:     <http://purl.obolibrary.org/obo/> .\n@prefix biolink: <https://w3id.org/biolink/vocab/> .\n@prefix schema:  <http://schema.org/> .\n@prefix sio:     <http://semanticscience.org/resource/> .\n@prefix hcrm:    <http://rdf.biogateway.eu/crm/9606/> .\n@prefix crm2pgene: <http://rdf.biogateway.eu/crm2pgene/> .\n@prefix hgene:   <http://rdf.biogateway.eu/gene/9606/> .\n@prefix assembly: <https://www.ncbi.nlm.nih.gov/assembly/> .\n@prefix nuccore: <https://www.ncbi.nlm.nih.gov/nuccore/> .\n@prefix pubmed:  <http://www.ncbi.nlm.nih.gov/pubmed/> .\n@prefix id_pubmed: <http://identifiers.org/pubmed/> .\n@prefix id_ncbigene: <http://identifiers.org/ncbigene/> .\n\nhcrm:CRMHS00000005752 rdf:type obo:SO_0000727 ;\n    skos:definition ""Cis-regulatory module located in Homo sapiens chr1 between 16039967 and 16040344"" ;\n    skos:prefLabel ""CRMHS00000005752"" ;\n    obo:RO_0002162 obo:NCBITaxon_9606 ;\n    dc:hasVersion assembly:GCF_000001405.26 ;\n    obo:BFO_0000050 nuccore:chr1 ;\n    obo:GENO_0000895 ""16039967""^^xsd:integer ;\n    obo:GENO_0000894 ""16040344""^^xsd:integer ;\n    schema:evidenceOrigin <http://bioinfo.vanderbilt.edu/AE/HACER/> ;\n    rdfs:isDefinedBy obo:ECO_0000203 ;\n    sio:SIO_000772 id_pubmed:30247654 ;\n    sio:SIO_000253 <http://bioinfo.vanderbilt.edu/AE/HACER/> .\n\ncrm2pgene:bgw!CRMHS00000005752--FAM131C rdf:type owl:Class ;\n    rdfs:subClassOf rdf:Statement ;\n    rdf:subject hcrm:CRMHS00000005752 ;\n    rdf:predicate obo:RO_0002429 ;\n    rdf:object hgene:FAM131C ;\n    skos:prefLabel ""bgw!CRMHS00000005752--FAM131C"" ;\n    skos:definition ""Association between cis-regulatory module CRMHS00000005752 and gene FAM131C"" ;\n    sio:SIO_000772 id_pubmed:30247654 ;\n    schema:evidenceOrigin <http://bioinfo.vanderbilt.edu/AE/HACER/> .\n\nhgene:FAM131C skos:closeMatch id_ncbigene:GeneID_FAM131C ;\n    biolink:category biolink:Gene .\n\nhcrm:CRMHS00000074849 rdf:type obo:SO_0000727 ;\n    skos:definition ""Cis-regulatory module located in Homo sapiens chr1 between 100361995 and 100362218"" ;\n    skos:prefLabel ""CRMHS00000074849"" ;\n    obo:RO_0002162 obo:NCBITaxon_9606 ;\n    dc:hasVersion assembly:GCF_000001405.26 ;\n    obo:BFO_0000050 nuccore:chr1 ;\n    obo:GENO_0000895 ""100361995""^^xsd:integer ;\n    obo:GENO_0000894 ""100362218""^^xsd:integer ;\n    schema:evidenceOrigin <http://bioinfo.vanderbilt.edu/AE/HACER/> ;\n    rdfs:isDefinedBy obo:ECO_0000203 ;\n    sio:SIO_000772 id_pubmed:30247654 ;\n    sio:SIO_000253 <http://bioinfo.vanderbilt.edu/AE/HACER/> .\n\ncrm2pgene:bgw!CRMHS00000074849--MFSD14A rdf:type owl:Class ;\n    rdfs:subClassOf rdf:Statement ;\n    rdf:subject hcrm:CRMHS00000074849 ;\n    rdf:predicate obo:RO_0002429 ;\n    rdf:object hgene:MFSD14A ;\n    skos:prefLabel ""bgw!CRMHS00000074849--MFSD14A"" ;\n    skos:definition ""Association between cis-regulatory module CRMHS00000074849 and gene MFSD14A"" ;\n    sio:SIO_000772 id_pubmed:30247654 ;\n    schema:evidenceOrigin <http://bioinfo.vanderbilt.edu/AE/HACER/> .\n\nhgene:MFSD14A skos:closeMatch id_ncbigene:GeneID_MFSD14A ;\n    biolink:category biolink:Gene .\n\nhcrm:CRMHS00000006044 rdf:type obo:SO_0000727 ;\n    skos:definition ""Cis-regulatory module located in Homo sapiens chr6 between 159102636 and 159102934"" ;\n    skos:prefLabel ""CRMHS00000006044"" ;\n    obo:RO_0002162 obo:NCBITaxon_9606 ;\n    dc:hasVersion assembly:GCF_000001405.26 ;\n    obo:BFO_0000050 nuccore:chr6 ;\n    obo:GENO_0000895 ""159102636""^^xsd:integer ;\n    obo:GENO_0000894 ""159102934""^^xsd:integer ;\n    schema:evidenceOrigin <http://bioinfo.vanderbilt.edu/AE/HACER/> ;\n    rdfs:isDefinedBy obo:ECO_0000203 ;\n    sio:SIO_000772 id_pubmed:30247654 ;\n    sio:SIO_000253 <http://bioinfo.vanderbilt.edu/AE/HACER/> .\n\ncrm2pgene:bgw!CRMHS00000006044--RSPH3 rdf:type owl:Class ;\n    rdfs:subClassOf rdf:Statement ;\n    rdf:subject hcrm:CRMHS00000006044 ;\n    rdf:predicate obo:RO_0002429 ;\n    rdf:object hgene:RSPH3 ;\n    skos:prefLabel ""bgw!CRMHS00000006044--RSPH3"" ;\n    skos:definition ""Association between cis-regulatory module CRMHS00000006044 and gene RSPH3"" ;\n    sio:SIO_000772 id_pubmed:30247654 ;\n    schema:evidenceOrigin <http://bioinfo.vanderbilt.edu/AE/HACER/> .\n\nhgene:RSPH3 skos:closeMatch id_ncbigene:GeneID_RSPH3 ;\n    biolink:category biolink:Gene '^b''...""",
E3,raw,HACER,2,ontology_run2.ttl,0,3568,,,,,,,,,"BadSyntax: at line 33 of <>:
Bad syntax (EOF found in middle of path syntax) at ^ in:
""b'@prefix rdf:     <http://www.w3.org/1999/02/22-rdf-syntax-ns#> .\n@prefix rdfs:    <http://www.w3.org/2000/01/rdf-schema#> .\n@prefix owl:     <http://www.w3.org/2002/07/owl#> .\n@prefix xsd:     <http://www.w3.org/2001/XMLSchema#> .\n@prefix skos:    <http://www.w3.org/2004/02/skos/core#> .\n@prefix dc:      <http://purl.org/dc/terms/> .\n@prefix obo:     <http://purl.obolibrary.org/obo/> .\n@prefix biolink: <https://w3id.org/biolink/vocab/> .\n@prefix schema:  <http://schema.org/> .\n@prefix sio:     <http://semanticscience.org/resource/> .\n@prefix hcrm:    <http://rdf.biogateway.eu/crm/9606/> .\n@prefix crm2pgene: <http://rdf.biogateway.eu/crm2pgene/> .\n@prefix hgene:   <http://rdf.biogateway.eu/gene/9606/> .\n@prefix assembly: <https://www.ncbi.nlm.nih.gov/assembly/> .\n@prefix nuccore: <https://www.ncbi.nlm.nih.gov/nuccore/> .\n@prefix pubmed:  <http://www.ncbi.nlm.nih.gov/pubmed/> .\n@prefix id_pubmed: <http://identifiers.org/pubmed/> .\n@prefix id_ncbigene: <http://identifiers.org/ncbigene/> .\n\nhcrm:CRMHS00000005752 rdf:type obo:SO_0000727 ;\n    skos:definition ""Cis-regulatory module located in Homo sapiens chr1 between 16039967 and 16040344"" ;\n    skos:prefLabel ""CRMHS00000005752"" ;\n    obo:RO_0002162 obo:NCBITaxon_9606 ;\n    dc:hasVersion assembly:GCF_000001405.26 ;\n    obo:BFO_0000050 nuccore:chr1 ;\n    obo:GENO_0000895 ""16039967""^^xsd:integer ;\n    obo:GENO_0000894 ""16040344""^^xsd:integer ;\n    schema:evidenceOrigin <http://bioinfo.vanderbilt.edu/AE/HACER/> ;\n    rdfs:isDefinedBy obo:ECO_0000203 ; # CAGE evidence\n    sio:SIO_000772 id_pubmed:30247654 ;\n    sio:SIO_000253 <http://bioinfo.vanderbilt.edu/AE/HACER/> .\n\ncrm2pgene:bgw!CRMHS00000005752--FAM131C rdf:type owl:Class ;\n    rdfs:subClassOf rdf:Statement ;\n    rdf:subject hcrm:CRMHS00000005752 ;\n    rdf:predicate obo:RO_0002429 ;\n    rdf:object hgene:FAM131C ;\n    skos:prefLabel ""bgw!CRMHS00000005752--FAM131C"" ;\n    skos:definition ""Association between cis-regulatory module CRMHS00000005752 and gene FAM131C"" ;\n    schema:evidenceOrigin <http://bioinfo.vanderbilt.edu/AE/HACER/> ;\n    rdfs:isDefinedBy obo:ECO_0000203 ; # CAGE evidence\n    sio:SIO_000772 id_pubmed:30247654 .\n\nhgene:FAM131C skos:closeMatch id_ncbigene:GeneID ;\n    biolink:category biolink:Gene .\n\nhcrm:CRMHS00000074849 rdf:type obo:SO_0000727 ;\n    skos:definition ""Cis-regulatory module located in Homo sapiens chr1 between 100361995 and 100362218"" ;\n    skos:prefLabel ""CRMHS00000074849"" ;\n    obo:RO_0002162 obo:NCBITaxon_9606 ;\n    dc:hasVersion assembly:GCF_000001405.26 ;\n    obo:BFO_0000050 nuccore:chr1 ;\n    obo:GENO_0000895 ""100361995""^^xsd:integer ;\n    obo:GENO_0000894 ""100362218""^^xsd:integer ;\n    schema:evidenceOrigin <http://bioinfo.vanderbilt.edu/AE/HACER/> ;\n    rdfs:isDefinedBy obo:ECO_0000203 ; # CAGE evidence\n    sio:SIO_000772 id_pubmed:30247654 ;\n    sio:SIO_000253 <http://bioinfo.vanderbilt.edu/AE/HACER/> .\n\ncrm2pgene:bgw!CRMHS00000074849--MFSD14A rdf:type owl:Class ;\n    rdfs:subClassOf rdf:Statement ;\n    rdf:subject hcrm:CRMHS00000074849 ;\n    rdf:predicate obo:RO_0002429 ;\n    rdf:object hgene:MFSD14A ;\n    skos:prefLabel ""bgw!CRMHS00000074849--MFSD14A"" ;\n    skos:definition ""Association between cis-regulatory module CRMHS00000074849 and gene MFSD14A"" ;\n    schema:evidenceOrigin <http://bioinfo.vanderbilt.edu/AE/HACER/> ;\n    rdfs:isDefinedBy obo:ECO_0000203 ; # CAGE evidence\n    sio:SIO_000772 id_pubmed:30247654 .\n\nhgene:MFSD14A skos:closeMatch id_ncbigene:GeneID ;\n    biolink:category biolink:Gene .\n\n# Additional CRM and gene associations would follow the same patter'^b''...""",
E3,raw,HACER,3,ontology_run3.ttl,0,3450,,,,,,,,,"BadSyntax: at line 33 of <>:
Bad syntax (EOF found in middle of path syntax) at ^ in:
""b'@prefix rdf:     <http://www.w3.org/1999/02/22-rdf-syntax-ns#> .\n@prefix rdfs:    <http://www.w3.org/2000/01/rdf-schema#> .\n@prefix owl:     <http://www.w3.org/2002/07/owl#> .\n@prefix xsd:     <http://www.w3.org/2001/XMLSchema#> .\n@prefix skos:    <http://www.w3.org/2004/02/skos/core#> .\n@prefix dc:      <http://purl.org/dc/terms/> .\n@prefix obo:     <http://purl.obolibrary.org/obo/> .\n@prefix biolink: <https://w3id.org/biolink/vocab/> .\n@prefix schema:  <http://schema.org/> .\n@prefix sio:     <http://semanticscience.org/resource/> .\n@prefix hcrm:    <http://rdf.biogateway.eu/crm/9606/> .\n@prefix crm2pgene: <http://rdf.biogateway.eu/crm2pgene/> .\n@prefix hgene:   <http://rdf.biogateway.eu/gene/9606/> .\n@prefix assembly: <https://www.ncbi.nlm.nih.gov/assembly/> .\n@prefix nuccore: <https://www.ncbi.nlm.nih.gov/nuccore/> .\n@prefix pubmed:  <http://www.ncbi.nlm.nih.gov/pubmed/> .\n@prefix id_pubmed: <http://identifiers.org/pubmed/> .\n@prefix id_ncbigene: <http://identifiers.org/ncbigene/> .\n\nhcrm:CRMHS00000005752 rdf:type obo:SO_0000727 ;\n    skos:definition ""Cis-regulatory module located in Homo sapiens chr1 between 16039967 and 16040344"" ;\n    skos:prefLabel ""CRMHS00000005752"" ;\n    obo:RO_0002162 obo:NCBITaxon_9606 ;\n    dc:hasVersion assembly:GCF_000001405.26 ;\n    obo:BFO_0000050 nuccore:chr1 ;\n    obo:GENO_0000895 ""16039967""^^xsd:integer ;\n    obo:GENO_0000894 ""16040344""^^xsd:integer ;\n    schema:evidenceOrigin <http://bioinfo.vanderbilt.edu/AE/HACER/> ;\n    rdfs:isDefinedBy obo:ECO_0000203 ;\n    sio:SIO_000772 id_pubmed:30247654 ;\n    sio:SIO_000253 <http://bioinfo.vanderbilt.edu/AE/HACER/> .\n\ncrm2pgene:bgw!CRMHS00000005752--FAM131C rdf:type owl:Class ;\n    rdfs:subClassOf rdf:Statement ;\n    rdf:subject hcrm:CRMHS00000005752 ;\n    rdf:predicate obo:RO_0002429 ;\n    rdf:object hgene:FAM131C ;\n    skos:prefLabel ""bgw!CRMHS00000005752--FAM131C"" ;\n    skos:definition ""Association between cis-regulatory module CRMHS00000005752 and gene FAM131C"" ;\n    obo:TXPO_0003500 obo:CLO_0000010 ; # Example cell line ID\n    sio:SIO_000772 id_pubmed:30247654 ;\n    rdfs:isDefinedBy obo:ECO_0000203 .\n\nhgene:FAM131C skos:closeMatch id_ncbigene:12345 ; # Example GeneID\n    biolink:category biolink:Gene .\n\nhcrm:CRMHS00000074849 rdf:type obo:SO_0000727 ;\n    skos:definition ""Cis-regulatory module located in Homo sapiens chr1 between 100361995 and 100362218"" ;\n    skos:prefLabel ""CRMHS00000074849"" ;\n    obo:RO_0002162 obo:NCBITaxon_9606 ;\n    dc:hasVersion assembly:GCF_000001405.26 ;\n    obo:BFO_0000050 nuccore:chr1 ;\n    obo:GENO_0000895 ""100361995""^^xsd:integer ;\n    obo:GENO_0000894 ""100362218""^^xsd:integer ;\n    schema:evidenceOrigin <http://bioinfo.vanderbilt.edu/AE/HACER/> ;\n    rdfs:isDefinedBy obo:ECO_0000203 ;\n    sio:SIO_000772 id_pubmed:30247654 ;\n    sio:SIO_000253 <http://bioinfo.vanderbilt.edu/AE/HACER/> .\n\ncrm2pgene:bgw!CRMHS00000074849--MFSD14A rdf:type owl:Class ;\n    rdfs:subClassOf rdf:Statement ;\n    rdf:subject hcrm:CRMHS00000074849 ;\n    rdf:predicate obo:RO_0002429 ;\n    rdf:object hgene:MFSD14A ;\n    skos:prefLabel ""bgw!CRMHS00000074849--MFSD14A"" ;\n    skos:definition ""Association between cis-regulatory module CRMHS00000074849 and gene MFSD14A"" ;\n    obo:TXPO_0003500 obo:CLO_0000010 ; # Example cell line ID\n    sio:SIO_000772 id_pubmed:30247654 ;\n    rdfs:isDefinedBy obo:ECO_0000203 .\n\nhgene:MFSD14A skos:closeMatch id_ncbigene:67890 ; # Example GeneID\n    biolink:category biolink:Gene '^b''...""",
E3,postprocessed,HACER,1,ontology_run1.ttl,1,4629,69,3,0,0,3,0,0,6,,
E3,postprocessed,HACER,2,ontology_run2.ttl,1,3622,48,2,0,0,2,0,0,4,,
E3,postprocessed,HACER,3,ontology_run3.ttl,1,3504,48,2,0,0,2,0,0,4,,
E3,raw,DiseaseEnhancer,1,ontology_run1.ttl,0,4978,,,,,,,,,"BadSyntax: at line 31 of <>:
Bad syntax (EOF found in middle of path syntax) at ^ in:
""b'@prefix rdf:     <http://www.w3.org/1999/02/22-rdf-syntax-ns#> .\n@prefix rdfs:    <http://www.w3.org/2000/01/rdf-schema#> .\n@prefix owl:     <http://www.w3.org/2002/07/owl#> .\n@prefix xsd:     <http://www.w3.org/2001/XMLSchema#> .\n@prefix skos:    <http://www.w3.org/2004/02/skos/core#> .\n@prefix dc:      <http://purl.org/dc/terms/> .\n@prefix obo:     <http://purl.obolibrary.org/obo/> .\n@prefix biolink: <https://w3id.org/biolink/vocab/> .\n@prefix schema:  <http://schema.org/> .\n@prefix sio:     <http://semanticscience.org/resource/> .\n@prefix hcrm:    <http://rdf.biogateway.eu/crm/9606/> .\n@prefix crm2pgene: <http://rdf.biogateway.eu/crm2pgene/> .\n@prefix hgene:   <http://rdf.biogateway.eu/gene/9606/> .\n@prefix assembly: <https://www.ncbi.nlm.nih.gov/assembly/> .\n@prefix nuccore: <https://www.ncbi.nlm.nih.gov/nuccore/> .\n@prefix pubmed:  <http://www.ncbi.nlm.nih.gov/pubmed/> .\n@prefix id_pubmed: <http://identifiers.org/pubmed/> .\n@prefix id_ncbigene: <http://identifiers.org/ncbigene/> .\n\nhcrm:CRMHS00000001594 rdf:type obo:SO_0000727 ;\n    skos:definition ""Cis-regulatory module located in Homo sapiens chr5 between 125315470 and 125318494"" ;\n    skos:prefLabel ""CRMHS00000001594"" ;\n    obo:RO_0002162 obo:NCBITaxon_9606 ;\n    dc:hasVersion assembly:GCF_000001405.26 ;\n    obo:BFO_0000050 nuccore:chr5 ;\n    obo:GENO_0000895 ""125315470""^^xsd:integer ;\n    obo:GENO_0000894 ""125318494""^^xsd:integer ;\n    sio:SIO_000772 id_pubmed:25701871 ;\n    sio:SIO_000253 <http://biocc.hrbmu.edu.cn/DiseaseEnhancer/> .\n\ncrm2pgene:bgw!CRMHS00000001594--LMNB1 rdf:type owl:Class ;\n    rdfs:subClassOf rdf:Statement ;\n    rdf:subject hcrm:CRMHS00000001594 ;\n    rdf:predicate obo:RO_0002429 ;\n    rdf:object hgene:LMNB1 ;\n    skos:prefLabel ""bgw!CRMHS00000001594--LMNB1"" ;\n    skos:definition ""Association between cis-regulatory module CRMHS00000001594 and gene LMNB1"" ;\n    sio:SIO_000772 id_pubmed:25701871 .\n\nhgene:LMNB1 skos:closeMatch id_ncbigene:LMNB1 ;\n    biolink:category biolink:Gene .\n\nhcrm:CRMHS00000005971 rdf:type obo:SO_0000727 ;\n    skos:definition ""Cis-regulatory module located in Homo sapiens chr3 between 185781414 and 185799612"" ;\n    skos:prefLabel ""CRMHS00000005971"" ;\n    obo:RO_0002162 obo:NCBITaxon_9606 ;\n    dc:hasVersion assembly:GCF_000001405.26 ;\n    obo:BFO_0000050 nuccore:chr3 ;\n    obo:GENO_0000895 ""185781414""^^xsd:integer ;\n    obo:GENO_0000894 ""185799612""^^xsd:integer ;\n    sio:SIO_000772 id_pubmed:21035756 ;\n    sio:SIO_000253 <http://biocc.hrbmu.edu.cn/DiseaseEnhancer/> .\n\ncrm2pgene:bgw!CRMHS00000005971--IGF2BP2 rdf:type owl:Class ;\n    rdfs:subClassOf rdf:Statement ;\n    rdf:subject hcrm:CRMHS00000005971 ;\n    rdf:predicate obo:RO_0002429 ;\n    rdf:object hgene:IGF2BP2 ;\n    skos:prefLabel ""bgw!CRMHS00000005971--IGF2BP2"" ;\n    skos:definition ""Association between cis-regulatory module CRMHS00000005971 and gene IGF2BP2"" ;\n    sio:SIO_000772 id_pubmed:21035756 .\n\nhgene:IGF2BP2 skos:closeMatch id_ncbigene:IGF2BP2 ;\n    biolink:category biolink:Gene .\n\nhcrm:CRMHS00000006099 rdf:type obo:SO_0000727 ;\n    skos:definition ""Cis-regulatory module located in Homo sapiens chr8 between 127386357 and 127404755"" ;\n    skos:prefLabel ""CRMHS00000006099"" ;\n    obo:RO_0002162 obo:NCBITaxon_9606 ;\n    dc:hasVersion assembly:GCF_000001405.26 ;\n    obo:BFO_0000050 nuccore:chr8 ;\n    obo:GENO_0000895 ""127386357""^^xsd:integer ;\n    obo:GENO_0000894 ""127404755""^^xsd:integer ;\n    sio:SIO_000772 id_pubmed:23832660 ;\n    sio:SIO_000253 <http://biocc.hrbmu.edu.cn/DiseaseEnhancer/> .\n\ncrm2pgene:bgw!CRMHS00000006099--MYC rdf:type owl:Class ;\n    rdfs:subClassOf rdf:Statement ;\n    rdf:subject hcrm:CRMHS00000006099 ;\n    rdf:predicate obo:RO_0002429 ;\n    rdf:object hgene:MYC ;\n    skos:prefLabel ""bgw!CRMHS00000006099--MYC"" ;\n    skos:definition ""Association between cis-regulatory module CRMHS00000006099 and gene MYC"" ;\n    sio:SIO_000772 id_pubmed:23832660 .\n\nhgene:MYC skos:closeMatch id_ncbigene:MYC ;\n    biolink:category biolink:Gene .\n\nhcrm:CRMHS00027685537 rdf:type obo:SO_0000727 ;\n    skos:definition ""Cis-regulatory module located in Homo sapiens chr4 between 100161845 and 100162043"" ;\n    skos:prefLabel ""CRMHS00027685537"" ;\n    obo:RO_0002162 obo:NCBITaxon_9606 ;\n    dc:hasVersion assembly:GCF_000001405.26 ;\n    obo:BFO_0000050 nuccore:chr4 ;\n    obo:GENO_0000895 ""100161845""^^xsd:integer ;\n    obo:GENO_0000894 ""100162043""^^xsd:integer ;\n    sio:SIO_000772 id_pubmed:27869826 ;\n    sio:SIO_000253 <http://biocc.hrbmu.edu.cn/DiseaseEnhancer/> .\n\ncrm2pgene:bgw!CRMHS00027685537--PPP3CA rdf:type owl:Class ;\n    rdfs:subClassOf rdf:Statement ;\n    rdf:subject hcrm:CRMHS00027685537 ;\n    rdf:predicate obo:RO_0002429 ;\n    rdf:object hgene:PPP3CA ;\n    skos:prefLabel ""bgw!CRMHS00027685537--PPP3CA"" ;\n    skos:definition ""Association between cis-regulatory module CRMHS00027685537 and gene PPP3CA"" ;\n    sio:SIO_000772 id_pubmed:27869826 .\n\nhgene:PPP3CA skos:closeMatch id_ncbigene:PPP3CA ;\n    biolink:category biolink:Gene '^b''...""",
E3,raw,DiseaseEnhancer,2,ontology_run2.ttl,0,3185,,,,,,,,,"BadSyntax: at line 32 of <>:
Bad syntax (EOF found in middle of path syntax) at ^ in:
""b'@prefix rdf:     <http://www.w3.org/1999/02/22-rdf-syntax-ns#> .\n@prefix rdfs:    <http://www.w3.org/2000/01/rdf-schema#> .\n@prefix owl:     <http://www.w3.org/2002/07/owl#> .\n@prefix xsd:     <http://www.w3.org/2001/XMLSchema#> .\n@prefix skos:    <http://www.w3.org/2004/02/skos/core#> .\n@prefix dc:      <http://purl.org/dc/terms/> .\n@prefix obo:     <http://purl.obolibrary.org/obo/> .\n@prefix biolink: <https://w3id.org/biolink/vocab/> .\n@prefix schema:  <http://schema.org/> .\n@prefix sio:     <http://semanticscience.org/resource/> .\n@prefix hcrm:    <http://rdf.biogateway.eu/crm/9606/> .\n@prefix crm2pgene: <http://rdf.biogateway.eu/crm2pgene/> .\n@prefix hgene:   <http://rdf.biogateway.eu/gene/9606/> .\n@prefix assembly: <https://www.ncbi.nlm.nih.gov/assembly/> .\n@prefix nuccore: <https://www.ncbi.nlm.nih.gov/nuccore/> .\n@prefix pubmed:  <http://www.ncbi.nlm.nih.gov/pubmed/> .\n@prefix id_pubmed: <http://identifiers.org/pubmed/> .\n@prefix id_ncbigene: <http://identifiers.org/ncbigene/> .\n\nhcrm:CRMHS00000001594 rdf:type hcrm:crm_ID ;\n    skos:exactMatch obo:SO_0000727 ;\n    skos:definition ""Cis-regulatory module located in Homo sapiens chr5 between 125315470 and 125318494"" ;\n    skos:prefLabel ""crm/CRMHS00000001594"" ;\n    obo:RO_0002162 obo:NCBITaxon_9606 ;\n    dc:hasVersion assembly:GCF_000001405.26 ;\n    obo:BFO_0000050 nuccore:chr5 ;\n    obo:GENO_0000895 ""125315470""^^xsd:integer ;\n    obo:GENO_0000894 ""125318494""^^xsd:integer ;\n    sio:SIO_000772 id_pubmed:25701871 ;\n    sio:SIO_000253 <http://biocc.hrbmu.edu.cn/DiseaseEnhancer/> .\n\ncrm2pgene:bgw!CRMHS00000001594--LMNB1 rdf:type crm2pgene:bgw!crm_ID--hgncsymbol!9606/gene_symbol ;\n    rdf:subject hcrm:CRMHS00000001594 ;\n    rdf:predicate obo:RO_0002429 ;\n    rdf:object hgene:LMNB1 ;\n    skos:prefLabel ""bgw!CRMHS00000001594--hgncsymbol!9606/LMNB1"" ;\n    skos:definition ""Association between cis-regulatory module CRMHS00000001594 and gene LMNB1"" ;\n    sio:SIO_000772 id_pubmed:25701871 .\n\nhgene:LMNB1 skos:closeMatch id_ncbigene:LMNB1 ;\n    biolink:category biolink:Gene .\n\nhcrm:CRMHS00000005971 rdf:type hcrm:crm_ID ;\n    skos:exactMatch obo:SO_0000727 ;\n    skos:definition ""Cis-regulatory module located in Homo sapiens chr3 between 185781414 and 185799612"" ;\n    skos:prefLabel ""crm/CRMHS00000005971"" ;\n    obo:RO_0002162 obo:NCBITaxon_9606 ;\n    dc:hasVersion assembly:GCF_000001405.26 ;\n    obo:BFO_0000050 nuccore:chr3 ;\n    obo:GENO_0000895 ""185781414""^^xsd:integer ;\n    obo:GENO_0000894 ""185799612""^^xsd:integer ;\n    sio:SIO_000772 id_pubmed:21035756 ;\n    sio:SIO_000253 <http://biocc.hrbmu.edu.cn/DiseaseEnhancer/> .\n\ncrm2pgene:bgw!CRMHS00000005971--IGF2BP2 rdf:type crm2pgene:bgw!crm_ID--hgncsymbol!9606/gene_symbol ;\n    rdf:subject hcrm:CRMHS00000005971 ;\n    rdf:predicate obo:RO_0002429 ;\n    rdf:object hgene:IGF2BP2 ;\n    skos:prefLabel ""bgw!CRMHS00000005971--hgncsymbol!9606/IGF2BP2"" ;\n    skos:definition ""Association between cis-regulatory module CRMHS00000005971 and gene IGF2BP2"" ;\n    sio:SIO_000772 id_pubmed:21035756 .\n\nhgene:IGF2BP2 skos:closeMatch id_ncbigene:IGF2BP2 ;\n    biolink:category biolink:Gene .\n\n# Additional CRM and CRM2GENE instances would follow the same patter'^b''...""",
E3,raw,DiseaseEnhancer,3,ontology_run3.ttl,0,3065,,,,,,,,,"BadSyntax: at line 31 of <>:
Bad syntax (EOF found in middle of path syntax) at ^ in:
""b'@prefix rdf:     <http://www.w3.org/1999/02/22-rdf-syntax-ns#> .\n@prefix rdfs:    <http://www.w3.org/2000/01/rdf-schema#> .\n@prefix owl:     <http://www.w3.org/2002/07/owl#> .\n@prefix xsd:     <http://www.w3.org/2001/XMLSchema#> .\n@prefix skos:    <http://www.w3.org/2004/02/skos/core#> .\n@prefix dc:      <http://purl.org/dc/terms/> .\n@prefix obo:     <http://purl.obolibrary.org/obo/> .\n@prefix biolink: <https://w3id.org/biolink/vocab/> .\n@prefix schema:  <http://schema.org/> .\n@prefix sio:     <http://semanticscience.org/resource/> .\n@prefix hcrm:    <http://rdf.biogateway.eu/crm/9606/> .\n@prefix crm2pgene: <http://rdf.biogateway.eu/crm2pgene/> .\n@prefix hgene:   <http://rdf.biogateway.eu/gene/9606/> .\n@prefix assembly: <https://www.ncbi.nlm.nih.gov/assembly/> .\n@prefix nuccore: <https://www.ncbi.nlm.nih.gov/nuccore/> .\n@prefix pubmed:  <http://www.ncbi.nlm.nih.gov/pubmed/> .\n@prefix id_pubmed: <http://identifiers.org/pubmed/> .\n@prefix id_ncbigene: <http://identifiers.org/ncbigene/> .\n\nhcrm:CRMHS00000001594 rdf:type obo:SO_0000727 ;\n    skos:definition ""Cis-regulatory module located in Homo sapiens chr5 between 125315470 and 125318494"" ;\n    skos:prefLabel ""CRMHS00000001594"" ;\n    obo:RO_0002162 obo:NCBITaxon_9606 ;\n    dc:hasVersion assembly:GCF_000001405.26 ;\n    obo:BFO_0000050 nuccore:chr5 ;\n    obo:GENO_0000895 ""125315470""^^xsd:integer ;\n    obo:GENO_0000894 ""125318494""^^xsd:integer ;\n    sio:SIO_000772 id_pubmed:25701871 ;\n    sio:SIO_000253 <http://biocc.hrbmu.edu.cn/DiseaseEnhancer/> .\n\ncrm2pgene:bgw!CRMHS00000001594--LMNB1 rdf:type owl:Class ;\n    rdfs:subClassOf rdf:Statement ;\n    rdf:subject hcrm:CRMHS00000001594 ;\n    rdf:predicate obo:RO_0002429 ;\n    rdf:object hgene:LMNB1 ;\n    skos:prefLabel ""bgw!CRMHS00000001594--LMNB1"" ;\n    skos:definition ""Association between cis-regulatory module CRMHS00000001594 and gene LMNB1"" ;\n    sio:SIO_000772 id_pubmed:25701871 .\n\nhgene:LMNB1 skos:closeMatch id_ncbigene:4000 ;\n    biolink:category biolink:Gene .\n\nhcrm:CRMHS00000005971 rdf:type obo:SO_0000727 ;\n    skos:definition ""Cis-regulatory module located in Homo sapiens chr3 between 185781414 and 185799612"" ;\n    skos:prefLabel ""CRMHS00000005971"" ;\n    obo:RO_0002162 obo:NCBITaxon_9606 ;\n    dc:hasVersion assembly:GCF_000001405.26 ;\n    obo:BFO_0000050 nuccore:chr3 ;\n    obo:GENO_0000895 ""185781414""^^xsd:integer ;\n    obo:GENO_0000894 ""185799612""^^xsd:integer ;\n    sio:SIO_000772 id_pubmed:21035756 ;\n    sio:SIO_000253 <http://biocc.hrbmu.edu.cn/DiseaseEnhancer/> .\n\ncrm2pgene:bgw!CRMHS00000005971--IGF2BP2 rdf:type owl:Class ;\n    rdfs:subClassOf rdf:Statement ;\n    rdf:subject hcrm:CRMHS00000005971 ;\n    rdf:predicate obo:RO_0002429 ;\n    rdf:object hgene:IGF2BP2 ;\n    skos:prefLabel ""bgw!CRMHS00000005971--IGF2BP2"" ;\n    skos:definition ""Association between cis-regulatory module CRMHS00000005971 and gene IGF2BP2"" ;\n    sio:SIO_000772 id_pubmed:21035756 .\n\nhgene:IGF2BP2 skos:closeMatch id_ncbigene:10644 ;\n    biolink:category biolink:Gene .\n\n# Additional CRM and gene associations would follow the same patter'^b''...""",
E3,postprocessed,DiseaseEnhancer,1,ontology_run1.ttl,1,5086,80,4,0,0,4,0,0,8,,
E3,postprocessed,DiseaseEnhancer,2,ontology_run2.ttl,1,3293,40,0,0,0,0,0,0,4,,
E3,postprocessed,DiseaseEnhancer,3,ontology_run3.ttl,1,3119,40,2,0,0,2,0,0,4,,
E4,raw,FANTOM5,1,ontology_run1.ttl,1,9088,229,11,7,26,10,7,44,44,,
E4,raw,FANTOM5,2,ontology_run2.ttl,1,10065,241,12,8,26,11,8,46,46,,
E4,raw,FANTOM5,3,ontology_run3.ttl,1,9311,229,11,7,26,10,7,44,44,,
E4,raw,dbSUPER,1,ontology_run1.ttl,1,10902,281,9,5,30,22,19,44,44,,
E4,raw,dbSUPER,2,ontology_run2.ttl,1,8065,208,12,7,21,11,7,40,40,,
E4,raw,dbSUPER,3,ontology_run3.ttl,1,8972,221,8,5,30,2,5,43,43,,
E4,raw,HACER,1,ontology_run1.ttl,1,8932,225,9,5,30,3,5,44,44,,
E4,raw,HACER,2,ontology_run2.ttl,1,9328,225,9,5,30,3,5,44,44,,
E4,raw,HACER,3,ontology_run3.ttl,1,8871,225,9,5,30,3,5,44,44,,
E4,raw,DiseaseEnhancer,1,ontology_run1.ttl,1,8645,221,8,5,30,7,5,43,43,,
E4,raw,DiseaseEnhancer,2,ontology_run2.ttl,1,9270,221,8,5,30,2,5,43,43,,
E4,raw,DiseaseEnhancer,3,ontology_run3.ttl,1,7990,199,11,7,20,3,7,38,38,,
